f64_no_exceptions,f64_one_exception_per_vector,f64_all_nan,f64_nan_inf_negzero,f64_constant,f64_different_ef_per_vector,f64_with_nulls,f32_no_exceptions,f32_one_exception_per_vector,f32_all_nan,f32_nan_inf_negzero,f32_constant,f32_different_ef_per_vector,f32_with_nulls
0.0,0.0,NaN,NaN,42.0,0.0,,0.0,0.0,NaN,NaN,42.0,0.0,
0.01,0.01,NaN,Infinity,42.0,0.01,0.01,0.01,0.01,NaN,Infinity,42.0,0.01,0.01
0.02,0.02,NaN,-Infinity,42.0,0.02,0.02,0.02,0.02,NaN,-Infinity,42.0,0.02,0.02
0.03,0.03,NaN,-0.0,42.0,0.03,,0.03,0.03,NaN,-0.0,42.0,0.03,
0.04,0.04,NaN,0.4,42.0,0.04,0.04,0.04,0.04,NaN,0.4,42.0,0.04,0.04
0.05,0.05,NaN,0.5,42.0,0.05,0.05,0.05,0.05,NaN,0.5,42.0,0.05,0.05
0.06,0.06,NaN,0.6,42.0,0.06,,0.06,0.06,NaN,0.6,42.0,0.06,
0.07,0.07,NaN,0.7,42.0,0.07,0.07,0.07,0.07,NaN,0.7,42.0,0.07,0.07
0.08,0.08,NaN,0.8,42.0,0.08,0.08,0.08,0.08,NaN,0.8,42.0,0.08,0.08
0.09,0.09,NaN,0.9,42.0,0.09,,0.09,0.09,NaN,0.9,42.0,0.09,
0.1,0.1,NaN,1.0,42.0,0.1,0.1,0.1,0.1,NaN,1.0,42.0,0.1,0.1
0.11,0.11,NaN,1.1,42.0,0.11,0.11,0.11,0.11,NaN,1.1,42.0,0.11,0.11
0.12,0.12,NaN,1.2,42.0,0.12,,0.12,0.12,NaN,1.2,42.0,0.12,
0.13,0.13,NaN,1.3,42.0,0.13,0.13,0.13,0.13,NaN,1.3,42.0,0.13,0.13
0.14,0.14,NaN,1.4,42.0,0.14,0.14,0.14,0.14,NaN,1.4,42.0,0.14,0.14
0.15,0.15,NaN,1.5,42.0,0.15,,0.15,0.15,NaN,1.5,42.0,0.15,
0.16,0.16,NaN,1.6,42.0,0.16,0.16,0.16,0.16,NaN,1.6,42.0,0.16,0.16
0.17,0.17,NaN,1.7,42.0,0.17,0.17,0.17,0.17,NaN,1.7,42.0,0.17,0.17
0.18,0.18,NaN,1.8,42.0,0.18,,0.18,0.18,NaN,1.8,42.0,0.18,
0.19,0.19,NaN,1.9,42.0,0.19,0.19,0.19,0.19,NaN,1.9,42.0,0.19,0.19
0.2,0.2,NaN,2.0,42.0,0.2,0.2,0.2,0.2,NaN,2.0,42.0,0.2,0.2
0.21,0.21,NaN,2.1,42.0,0.21,,0.21,0.21,NaN,2.1,42.0,0.21,
0.22,0.22,NaN,2.2,42.0,0.22,0.22,0.22,0.22,NaN,2.2,42.0,0.22,0.22
0.23,0.23,NaN,2.3,42.0,0.23,0.23,0.23,0.23,NaN,2.3,42.0,0.23,0.23
0.24,0.24,NaN,2.4,42.0,0.24,,0.24,0.24,NaN,2.4,42.0,0.24,
0.25,0.25,NaN,2.5,42.0,0.25,0.25,0.25,0.25,NaN,2.5,42.0,0.25,0.25
0.26,0.26,NaN,2.6,42.0,0.26,0.26,0.26,0.26,NaN,2.6,42.0,0.26,0.26
0.27,0.27,NaN,2.7,42.0,0.27,,0.27,0.27,NaN,2.7,42.0,0.27,
0.28,0.28,NaN,2.8,42.0,0.28,0.28,0.28,0.28,NaN,2.8,42.0,0.28,0.28
0.29,0.29,NaN,2.9,42.0,0.29,0.29,0.29,0.29,NaN,2.9,42.0,0.29,0.29
0.3,0.3,NaN,3.0,42.0,0.3,,0.3,0.3,NaN,3.0,42.0,0.3,
0.31,0.31,NaN,3.1,42.0,0.31,0.31,0.31,0.31,NaN,3.1,42.0,0.31,0.31
0.32,0.32,NaN,3.2,42.0,0.32,0.32,0.32,0.32,NaN,3.2,42.0,0.32,0.32
0.33,0.33,NaN,3.3,42.0,0.33,,0.33,0.33,NaN,3.3,42.0,0.33,
0.34,0.34,NaN,3.4,42.0,0.34,0.34,0.34,0.34,NaN,3.4,42.0,0.34,0.34
0.35,0.35,NaN,3.5,42.0,0.35,0.35,0.35,0.35,NaN,3.5,42.0,0.35,0.35
0.36,0.36,NaN,3.6,42.0,0.36,,0.36,0.36,NaN,3.6,42.0,0.36,
0.37,0.37,NaN,3.7,42.0,0.37,0.37,0.37,0.37,NaN,3.7,42.0,0.37,0.37
0.38,0.38,NaN,3.8,42.0,0.38,0.38,0.38,0.38,NaN,3.8,42.0,0.38,0.38
0.39,0.39,NaN,3.9,42.0,0.39,,0.39,0.39,NaN,3.9,42.0,0.39,
0.4,0.4,NaN,4.0,42.0,0.4,0.4,0.4,0.4,NaN,4.0,42.0,0.4,0.4
0.41,0.41,NaN,4.1,42.0,0.41,0.41,0.41,0.41,NaN,4.1,42.0,0.41,0.41
0.42,0.42,NaN,4.2,42.0,0.42,,0.42,0.42,NaN,4.2,42.0,0.42,
0.43,0.43,NaN,4.3,42.0,0.43,0.43,0.43,0.43,NaN,4.3,42.0,0.43,0.43
0.44,0.44,NaN,4.4,42.0,0.44,0.44,0.44,0.44,NaN,4.4,42.0,0.44,0.44
0.45,0.45,NaN,4.5,42.0,0.45,,0.45,0.45,NaN,4.5,42.0,0.45,
0.46,0.46,NaN,4.6,42.0,0.46,0.46,0.46,0.46,NaN,4.6,42.0,0.46,0.46
0.47,0.47,NaN,4.7,42.0,0.47,0.47,0.47,0.47,NaN,4.7,42.0,0.47,0.47
0.48,0.48,NaN,4.8,42.0,0.48,,0.48,0.48,NaN,4.8,42.0,0.48,
0.49,0.49,NaN,4.9,42.0,0.49,0.49,0.49,0.49,NaN,4.9,42.0,0.49,0.49
0.5,0.5,NaN,5.0,42.0,0.5,0.5,0.5,0.5,NaN,5.0,42.0,0.5,0.5
0.51,0.51,NaN,5.1,42.0,0.51,,0.51,0.51,NaN,5.1,42.0,0.51,
0.52,0.52,NaN,5.2,42.0,0.52,0.52,0.52,0.52,NaN,5.2,42.0,0.52,0.52
0.53,0.53,NaN,5.3,42.0,0.53,0.53,0.53,0.53,NaN,5.3,42.0,0.53,0.53
0.54,0.54,NaN,5.4,42.0,0.54,,0.54,0.54,NaN,5.4,42.0,0.54,
0.55,0.55,NaN,5.5,42.0,0.55,0.55,0.55,0.55,NaN,5.5,42.0,0.55,0.55
0.56,0.56,NaN,5.6,42.0,0.56,0.56,0.56,0.56,NaN,5.6,42.0,0.56,0.56
0.57,0.57,NaN,5.7,42.0,0.57,,0.57,0.57,NaN,5.7,42.0,0.57,
0.58,0.58,NaN,5.8,42.0,0.58,0.58,0.58,0.58,NaN,5.8,42.0,0.58,0.58
0.59,0.59,NaN,5.9,42.0,0.59,0.59,0.59,0.59,NaN,5.9,42.0,0.59,0.59
0.6,0.6,NaN,6.0,42.0,0.6,,0.6,0.6,NaN,6.0,42.0,0.6,
0.61,0.61,NaN,6.1,42.0,0.61,0.61,0.61,0.61,NaN,6.1,42.0,0.61,0.61
0.62,0.62,NaN,6.2,42.0,0.62,0.62,0.62,0.62,NaN,6.2,42.0,0.62,0.62
0.63,0.63,NaN,6.3,42.0,0.63,,0.63,0.63,NaN,6.3,42.0,0.63,
0.64,0.64,NaN,6.4,42.0,0.64,0.64,0.64,0.64,NaN,6.4,42.0,0.64,0.64
0.65,0.65,NaN,6.5,42.0,0.65,0.65,0.65,0.65,NaN,6.5,42.0,0.65,0.65
0.66,0.66,NaN,6.6,42.0,0.66,,0.66,0.66,NaN,6.6,42.0,0.66,
0.67,0.67,NaN,6.7,42.0,0.67,0.67,0.67,0.67,NaN,6.7,42.0,0.67,0.67
0.68,0.68,NaN,6.8,42.0,0.68,0.68,0.68,0.68,NaN,6.8,42.0,0.68,0.68
0.69,0.69,NaN,6.9,42.0,0.69,,0.69,0.69,NaN,6.9,42.0,0.69,
0.7,0.7,NaN,7.0,42.0,0.7,0.7,0.7,0.7,NaN,7.0,42.0,0.7,0.7
0.71,0.71,NaN,7.1,42.0,0.71,0.71,0.71,0.71,NaN,7.1,42.0,0.71,0.71
0.72,0.72,NaN,7.2,42.0,0.72,,0.72,0.72,NaN,7.2,42.0,0.72,
0.73,0.73,NaN,7.3,42.0,0.73,0.73,0.73,0.73,NaN,7.3,42.0,0.73,0.73
0.74,0.74,NaN,7.4,42.0,0.74,0.74,0.74,0.74,NaN,7.4,42.0,0.74,0.74
0.75,0.75,NaN,7.5,42.0,0.75,,0.75,0.75,NaN,7.5,42.0,0.75,
0.76,0.76,NaN,7.6,42.0,0.76,0.76,0.76,0.76,NaN,7.6,42.0,0.76,0.76
0.77,0.77,NaN,7.7,42.0,0.77,0.77,0.77,0.77,NaN,7.7,42.0,0.77,0.77
0.78,0.78,NaN,7.8,42.0,0.78,,0.78,0.78,NaN,7.8,42.0,0.78,
0.79,0.79,NaN,7.9,42.0,0.79,0.79,0.79,0.79,NaN,7.9,42.0,0.79,0.79
0.8,0.8,NaN,8.0,42.0,0.8,0.8,0.8,0.8,NaN,8.0,42.0,0.8,0.8
0.81,0.81,NaN,8.1,42.0,0.81,,0.81,0.81,NaN,8.1,42.0,0.81,
0.82,0.82,NaN,8.2,42.0,0.82,0.82,0.82,0.82,NaN,8.2,42.0,0.82,0.82
0.83,0.83,NaN,8.3,42.0,0.83,0.83,0.83,0.83,NaN,8.3,42.0,0.83,0.83
0.84,0.84,NaN,8.4,42.0,0.84,,0.84,0.84,NaN,8.4,42.0,0.84,
0.85,0.85,NaN,8.5,42.0,0.85,0.85,0.85,0.85,NaN,8.5,42.0,0.85,0.85
0.86,0.86,NaN,8.6,42.0,0.86,0.86,0.86,0.86,NaN,8.6,42.0,0.86,0.86
0.87,0.87,NaN,8.7,42.0,0.87,,0.87,0.87,NaN,8.7,42.0,0.87,
0.88,0.88,NaN,8.8,42.0,0.88,0.88,0.88,0.88,NaN,8.8,42.0,0.88,0.88
0.89,0.89,NaN,8.9,42.0,0.89,0.89,0.89,0.89,NaN,8.9,42.0,0.89,0.89
0.9,0.9,NaN,9.0,42.0,0.9,,0.9,0.9,NaN,9.0,42.0,0.9,
0.91,0.91,NaN,9.1,42.0,0.91,0.91,0.91,0.91,NaN,9.1,42.0,0.91,0.91
0.92,0.92,NaN,9.2,42.0,0.92,0.92,0.92,0.92,NaN,9.2,42.0,0.92,0.92
0.93,0.93,NaN,9.3,42.0,0.93,,0.93,0.93,NaN,9.3,42.0,0.93,
0.94,0.94,NaN,9.4,42.0,0.94,0.94,0.94,0.94,NaN,9.4,42.0,0.94,0.94
0.95,0.95,NaN,9.5,42.0,0.95,0.95,0.95,0.95,NaN,9.5,42.0,0.95,0.95
0.96,0.96,NaN,9.6,42.0,0.96,,0.96,0.96,NaN,9.6,42.0,0.96,
0.97,0.97,NaN,9.7,42.0,0.97,0.97,0.97,0.97,NaN,9.7,42.0,0.97,0.97
0.98,0.98,NaN,9.8,42.0,0.98,0.98,0.98,0.98,NaN,9.8,42.0,0.98,0.98
0.99,0.99,NaN,9.9,42.0,0.99,,0.99,0.99,NaN,9.9,42.0,0.99,
1.0,NaN,NaN,0.0,42.0,0.0,0.0,1.0,NaN,NaN,0.0,42.0,0.0,0.0
1.01,1.01,NaN,0.1,42.0,0.01,0.01,1.01,1.01,NaN,0.1,42.0,0.01,0.01
1.02,1.02,NaN,0.2,42.0,0.02,,1.02,1.02,NaN,0.2,42.0,0.02,
1.03,1.03,NaN,0.3,42.0,0.03,0.03,1.03,1.03,NaN,0.3,42.0,0.03,0.03
1.04,1.04,NaN,0.4,42.0,0.04,0.04,1.04,1.04,NaN,0.4,42.0,0.04,0.04
1.05,1.05,NaN,0.5,42.0,0.05,,1.05,1.05,NaN,0.5,42.0,0.05,
1.06,1.06,NaN,0.6,42.0,0.06,0.06,1.06,1.06,NaN,0.6,42.0,0.06,0.06
1.07,1.07,NaN,0.7,42.0,0.07,0.07,1.07,1.07,NaN,0.7,42.0,0.07,0.07
1.08,1.08,NaN,0.8,42.0,0.08,,1.08,1.08,NaN,0.8,42.0,0.08,
1.09,1.09,NaN,0.9,42.0,0.09,0.09,1.09,1.09,NaN,0.9,42.0,0.09,0.09
1.1,1.1,NaN,1.0,42.0,0.1,0.1,1.1,1.1,NaN,1.0,42.0,0.1,0.1
1.11,1.11,NaN,1.1,42.0,0.11,,1.11,1.11,NaN,1.1,42.0,0.11,
1.12,1.12,NaN,1.2,42.0,0.12,0.12,1.12,1.12,NaN,1.2,42.0,0.12,0.12
1.13,1.13,NaN,1.3,42.0,0.13,0.13,1.13,1.13,NaN,1.3,42.0,0.13,0.13
1.14,1.14,NaN,1.4,42.0,0.14,,1.14,1.14,NaN,1.4,42.0,0.14,
1.15,1.15,NaN,1.5,42.0,0.15,0.15,1.15,1.15,NaN,1.5,42.0,0.15,0.15
1.16,1.16,NaN,1.6,42.0,0.16,0.16,1.16,1.16,NaN,1.6,42.0,0.16,0.16
1.17,1.17,NaN,1.7,42.0,0.17,,1.17,1.17,NaN,1.7,42.0,0.17,
1.18,1.18,NaN,1.8,42.0,0.18,0.18,1.18,1.18,NaN,1.8,42.0,0.18,0.18
1.19,1.19,NaN,1.9,42.0,0.19,0.19,1.19,1.19,NaN,1.9,42.0,0.19,0.19
1.2,1.2,NaN,2.0,42.0,0.2,,1.2,1.2,NaN,2.0,42.0,0.2,
1.21,1.21,NaN,2.1,42.0,0.21,0.21,1.21,1.21,NaN,2.1,42.0,0.21,0.21
1.22,1.22,NaN,2.2,42.0,0.22,0.22,1.22,1.22,NaN,2.2,42.0,0.22,0.22
1.23,1.23,NaN,2.3,42.0,0.23,,1.23,1.23,NaN,2.3,42.0,0.23,
1.24,1.24,NaN,2.4,42.0,0.24,0.24,1.24,1.24,NaN,2.4,42.0,0.24,0.24
1.25,1.25,NaN,2.5,42.0,0.25,0.25,1.25,1.25,NaN,2.5,42.0,0.25,0.25
1.26,1.26,NaN,2.6,42.0,0.26,,1.26,1.26,NaN,2.6,42.0,0.26,
1.27,1.27,NaN,2.7,42.0,0.27,0.27,1.27,1.27,NaN,2.7,42.0,0.27,0.27
1.28,1.28,NaN,2.8,42.0,0.28,0.28,1.28,1.28,NaN,2.8,42.0,0.28,0.28
1.29,1.29,NaN,2.9,42.0,0.29,,1.29,1.29,NaN,2.9,42.0,0.29,
1.3,1.3,NaN,3.0,42.0,0.3,0.3,1.3,1.3,NaN,3.0,42.0,0.3,0.3
1.31,1.31,NaN,3.1,42.0,0.31,0.31,1.31,1.31,NaN,3.1,42.0,0.31,0.31
1.32,1.32,NaN,3.2,42.0,0.32,,1.32,1.32,NaN,3.2,42.0,0.32,
1.33,1.33,NaN,3.3,42.0,0.33,0.33,1.33,1.33,NaN,3.3,42.0,0.33,0.33
1.34,1.34,NaN,3.4,42.0,0.34,0.34,1.34,1.34,NaN,3.4,42.0,0.34,0.34
1.35,1.35,NaN,3.5,42.0,0.35,,1.35,1.35,NaN,3.5,42.0,0.35,
1.36,1.36,NaN,3.6,42.0,0.36,0.36,1.36,1.36,NaN,3.6,42.0,0.36,0.36
1.37,1.37,NaN,3.7,42.0,0.37,0.37,1.37,1.37,NaN,3.7,42.0,0.37,0.37
1.38,1.38,NaN,3.8,42.0,0.38,,1.38,1.38,NaN,3.8,42.0,0.38,
1.39,1.39,NaN,3.9,42.0,0.39,0.39,1.39,1.39,NaN,3.9,42.0,0.39,0.39
1.4,1.4,NaN,4.0,42.0,0.4,0.4,1.4,1.4,NaN,4.0,42.0,0.4,0.4
1.41,1.41,NaN,4.1,42.0,0.41,,1.41,1.41,NaN,4.1,42.0,0.41,
1.42,1.42,NaN,4.2,42.0,0.42,0.42,1.42,1.42,NaN,4.2,42.0,0.42,0.42
1.43,1.43,NaN,4.3,42.0,0.43,0.43,1.43,1.43,NaN,4.3,42.0,0.43,0.43
1.44,1.44,NaN,4.4,42.0,0.44,,1.44,1.44,NaN,4.4,42.0,0.44,
1.45,1.45,NaN,4.5,42.0,0.45,0.45,1.45,1.45,NaN,4.5,42.0,0.45,0.45
1.46,1.46,NaN,4.6,42.0,0.46,0.46,1.46,1.46,NaN,4.6,42.0,0.46,0.46
1.47,1.47,NaN,4.7,42.0,0.47,,1.47,1.47,NaN,4.7,42.0,0.47,
1.48,1.48,NaN,4.8,42.0,0.48,0.48,1.48,1.48,NaN,4.8,42.0,0.48,0.48
1.49,1.49,NaN,4.9,42.0,0.49,0.49,1.49,1.49,NaN,4.9,42.0,0.49,0.49
1.5,1.5,NaN,5.0,42.0,0.5,,1.5,1.5,NaN,5.0,42.0,0.5,
1.51,1.51,NaN,5.1,42.0,0.51,0.51,1.51,1.51,NaN,5.1,42.0,0.51,0.51
1.52,1.52,NaN,5.2,42.0,0.52,0.52,1.52,1.52,NaN,5.2,42.0,0.52,0.52
1.53,1.53,NaN,5.3,42.0,0.53,,1.53,1.53,NaN,5.3,42.0,0.53,
1.54,1.54,NaN,5.4,42.0,0.54,0.54,1.54,1.54,NaN,5.4,42.0,0.54,0.54
1.55,1.55,NaN,5.5,42.0,0.55,0.55,1.55,1.55,NaN,5.5,42.0,0.55,0.55
1.56,1.56,NaN,5.6,42.0,0.56,,1.56,1.56,NaN,5.6,42.0,0.56,
1.57,1.57,NaN,5.7,42.0,0.57,0.57,1.57,1.57,NaN,5.7,42.0,0.57,0.57
1.58,1.58,NaN,5.8,42.0,0.58,0.58,1.58,1.58,NaN,5.8,42.0,0.58,0.58
1.59,1.59,NaN,5.9,42.0,0.59,,1.59,1.59,NaN,5.9,42.0,0.59,
1.6,1.6,NaN,6.0,42.0,0.6,0.6,1.6,1.6,NaN,6.0,42.0,0.6,0.6
1.61,1.61,NaN,6.1,42.0,0.61,0.61,1.61,1.61,NaN,6.1,42.0,0.61,0.61
1.62,1.62,NaN,6.2,42.0,0.62,,1.62,1.62,NaN,6.2,42.0,0.62,
1.63,1.63,NaN,6.3,42.0,0.63,0.63,1.63,1.63,NaN,6.3,42.0,0.63,0.63
1.64,1.64,NaN,6.4,42.0,0.64,0.64,1.64,1.64,NaN,6.4,42.0,0.64,0.64
1.65,1.65,NaN,6.5,42.0,0.65,,1.65,1.65,NaN,6.5,42.0,0.65,
1.66,1.66,NaN,6.6,42.0,0.66,0.66,1.66,1.66,NaN,6.6,42.0,0.66,0.66
1.67,1.67,NaN,6.7,42.0,0.67,0.67,1.67,1.67,NaN,6.7,42.0,0.67,0.67
1.68,1.68,NaN,6.8,42.0,0.68,,1.68,1.68,NaN,6.8,42.0,0.68,
1.69,1.69,NaN,6.9,42.0,0.69,0.69,1.69,1.69,NaN,6.9,42.0,0.69,0.69
1.7,1.7,NaN,7.0,42.0,0.7,0.7,1.7,1.7,NaN,7.0,42.0,0.7,0.7
1.71,1.71,NaN,7.1,42.0,0.71,,1.71,1.71,NaN,7.1,42.0,0.71,
1.72,1.72,NaN,7.2,42.0,0.72,0.72,1.72,1.72,NaN,7.2,42.0,0.72,0.72
1.73,1.73,NaN,7.3,42.0,0.73,0.73,1.73,1.73,NaN,7.3,42.0,0.73,0.73
1.74,1.74,NaN,7.4,42.0,0.74,,1.74,1.74,NaN,7.4,42.0,0.74,
1.75,1.75,NaN,7.5,42.0,0.75,0.75,1.75,1.75,NaN,7.5,42.0,0.75,0.75
1.76,1.76,NaN,7.6,42.0,0.76,0.76,1.76,1.76,NaN,7.6,42.0,0.76,0.76
1.77,1.77,NaN,7.7,42.0,0.77,,1.77,1.77,NaN,7.7,42.0,0.77,
1.78,1.78,NaN,7.8,42.0,0.78,0.78,1.78,1.78,NaN,7.8,42.0,0.78,0.78
1.79,1.79,NaN,7.9,42.0,0.79,0.79,1.79,1.79,NaN,7.9,42.0,0.79,0.79
1.8,1.8,NaN,8.0,42.0,0.8,,1.8,1.8,NaN,8.0,42.0,0.8,
1.81,1.81,NaN,8.1,42.0,0.81,0.81,1.81,1.81,NaN,8.1,42.0,0.81,0.81
1.82,1.82,NaN,8.2,42.0,0.82,0.82,1.82,1.82,NaN,8.2,42.0,0.82,0.82
1.83,1.83,NaN,8.3,42.0,0.83,,1.83,1.83,NaN,8.3,42.0,0.83,
1.84,1.84,NaN,8.4,42.0,0.84,0.84,1.84,1.84,NaN,8.4,42.0,0.84,0.84
1.85,1.85,NaN,8.5,42.0,0.85,0.85,1.85,1.85,NaN,8.5,42.0,0.85,0.85
1.86,1.86,NaN,8.6,42.0,0.86,,1.86,1.86,NaN,8.6,42.0,0.86,
1.87,1.87,NaN,8.7,42.0,0.87,0.87,1.87,1.87,NaN,8.7,42.0,0.87,0.87
1.88,1.88,NaN,8.8,42.0,0.88,0.88,1.88,1.88,NaN,8.8,42.0,0.88,0.88
1.89,1.89,NaN,8.9,42.0,0.89,,1.89,1.89,NaN,8.9,42.0,0.89,
1.9,1.9,NaN,9.0,42.0,0.9,0.9,1.9,1.9,NaN,9.0,42.0,0.9,0.9
1.91,1.91,NaN,9.1,42.0,0.91,0.91,1.91,1.91,NaN,9.1,42.0,0.91,0.91
1.92,1.92,NaN,9.2,42.0,0.92,,1.92,1.92,NaN,9.2,42.0,0.92,
1.93,1.93,NaN,9.3,42.0,0.93,0.93,1.93,1.93,NaN,9.3,42.0,0.93,0.93
1.94,1.94,NaN,9.4,42.0,0.94,0.94,1.94,1.94,NaN,9.4,42.0,0.94,0.94
1.95,1.95,NaN,9.5,42.0,0.95,,1.95,1.95,NaN,9.5,42.0,0.95,
1.96,1.96,NaN,9.6,42.0,0.96,0.96,1.96,1.96,NaN,9.6,42.0,0.96,0.96
1.97,1.97,NaN,9.7,42.0,0.97,0.97,1.97,1.97,NaN,9.7,42.0,0.97,0.97
1.98,1.98,NaN,9.8,42.0,0.98,,1.98,1.98,NaN,9.8,42.0,0.98,
1.99,1.99,NaN,9.9,42.0,0.99,0.99,1.99,1.99,NaN,9.9,42.0,0.99,0.99
2.0,2.0,NaN,0.0,42.0,0.0,0.0,2.0,2.0,NaN,0.0,42.0,0.0,0.0
2.01,2.01,NaN,0.1,42.0,0.01,,2.01,2.01,NaN,0.1,42.0,0.01,
2.02,2.02,NaN,0.2,42.0,0.02,0.02,2.02,2.02,NaN,0.2,42.0,0.02,0.02
2.03,2.03,NaN,0.3,42.0,0.03,0.03,2.03,2.03,NaN,0.3,42.0,0.03,0.03
2.04,2.04,NaN,0.4,42.0,0.04,,2.04,2.04,NaN,0.4,42.0,0.04,
2.05,2.05,NaN,0.5,42.0,0.05,0.05,2.05,2.05,NaN,0.5,42.0,0.05,0.05
2.06,2.06,NaN,0.6,42.0,0.06,0.06,2.06,2.06,NaN,0.6,42.0,0.06,0.06
2.07,2.07,NaN,0.7,42.0,0.07,,2.07,2.07,NaN,0.7,42.0,0.07,
2.08,2.08,NaN,0.8,42.0,0.08,0.08,2.08,2.08,NaN,0.8,42.0,0.08,0.08
2.09,2.09,NaN,0.9,42.0,0.09,0.09,2.09,2.09,NaN,0.9,42.0,0.09,0.09
2.1,2.1,NaN,1.0,42.0,0.1,,2.1,2.1,NaN,1.0,42.0,0.1,
2.11,2.11,NaN,1.1,42.0,0.11,0.11,2.11,2.11,NaN,1.1,42.0,0.11,0.11
2.12,2.12,NaN,1.2,42.0,0.12,0.12,2.12,2.12,NaN,1.2,42.0,0.12,0.12
2.13,2.13,NaN,1.3,42.0,0.13,,2.13,2.13,NaN,1.3,42.0,0.13,
2.14,2.14,NaN,1.4,42.0,0.14,0.14,2.14,2.14,NaN,1.4,42.0,0.14,0.14
2.15,2.15,NaN,1.5,42.0,0.15,0.15,2.15,2.15,NaN,1.5,42.0,0.15,0.15
2.16,2.16,NaN,1.6,42.0,0.16,,2.16,2.16,NaN,1.6,42.0,0.16,
2.17,2.17,NaN,1.7,42.0,0.17,0.17,2.17,2.17,NaN,1.7,42.0,0.17,0.17
2.18,2.18,NaN,1.8,42.0,0.18,0.18,2.18,2.18,NaN,1.8,42.0,0.18,0.18
2.19,2.19,NaN,1.9,42.0,0.19,,2.19,2.19,NaN,1.9,42.0,0.19,
2.2,2.2,NaN,2.0,42.0,0.2,0.2,2.2,2.2,NaN,2.0,42.0,0.2,0.2
2.21,2.21,NaN,2.1,42.0,0.21,0.21,2.21,2.21,NaN,2.1,42.0,0.21,0.21
2.22,2.22,NaN,2.2,42.0,0.22,,2.22,2.22,NaN,2.2,42.0,0.22,
2.23,2.23,NaN,2.3,42.0,0.23,0.23,2.23,2.23,NaN,2.3,42.0,0.23,0.23
2.24,2.24,NaN,2.4,42.0,0.24,0.24,2.24,2.24,NaN,2.4,42.0,0.24,0.24
2.25,2.25,NaN,2.5,42.0,0.25,,2.25,2.25,NaN,2.5,42.0,0.25,
2.26,2.26,NaN,2.6,42.0,0.26,0.26,2.26,2.26,NaN,2.6,42.0,0.26,0.26
2.27,2.27,NaN,2.7,42.0,0.27,0.27,2.27,2.27,NaN,2.7,42.0,0.27,0.27
2.28,2.28,NaN,2.8,42.0,0.28,,2.28,2.28,NaN,2.8,42.0,0.28,
2.29,2.29,NaN,2.9,42.0,0.29,0.29,2.29,2.29,NaN,2.9,42.0,0.29,0.29
2.3,2.3,NaN,3.0,42.0,0.3,0.3,2.3,2.3,NaN,3.0,42.0,0.3,0.3
2.31,2.31,NaN,3.1,42.0,0.31,,2.31,2.31,NaN,3.1,42.0,0.31,
2.32,2.32,NaN,3.2,42.0,0.32,0.32,2.32,2.32,NaN,3.2,42.0,0.32,0.32
2.33,2.33,NaN,3.3,42.0,0.33,0.33,2.33,2.33,NaN,3.3,42.0,0.33,0.33
2.34,2.34,NaN,3.4,42.0,0.34,,2.34,2.34,NaN,3.4,42.0,0.34,
2.35,2.35,NaN,3.5,42.0,0.35,0.35,2.35,2.35,NaN,3.5,42.0,0.35,0.35
2.36,2.36,NaN,3.6,42.0,0.36,0.36,2.36,2.36,NaN,3.6,42.0,0.36,0.36
2.37,2.37,NaN,3.7,42.0,0.37,,2.37,2.37,NaN,3.7,42.0,0.37,
2.38,2.38,NaN,3.8,42.0,0.38,0.38,2.38,2.38,NaN,3.8,42.0,0.38,0.38
2.39,2.39,NaN,3.9,42.0,0.39,0.39,2.39,2.39,NaN,3.9,42.0,0.39,0.39
2.4,2.4,NaN,4.0,42.0,0.4,,2.4,2.4,NaN,4.0,42.0,0.4,
2.41,2.41,NaN,4.1,42.0,0.41,0.41,2.41,2.41,NaN,4.1,42.0,0.41,0.41
2.42,2.42,NaN,4.2,42.0,0.42,0.42,2.42,2.42,NaN,4.2,42.0,0.42,0.42
2.43,2.43,NaN,4.3,42.0,0.43,,2.43,2.43,NaN,4.3,42.0,0.43,
2.44,2.44,NaN,4.4,42.0,0.44,0.44,2.44,2.44,NaN,4.4,42.0,0.44,0.44
2.45,2.45,NaN,4.5,42.0,0.45,0.45,2.45,2.45,NaN,4.5,42.0,0.45,0.45
2.46,2.46,NaN,4.6,42.0,0.46,,2.46,2.46,NaN,4.6,42.0,0.46,
2.47,2.47,NaN,4.7,42.0,0.47,0.47,2.47,2.47,NaN,4.7,42.0,0.47,0.47
2.48,2.48,NaN,4.8,42.0,0.48,0.48,2.48,2.48,NaN,4.8,42.0,0.48,0.48
2.49,2.49,NaN,4.9,42.0,0.49,,2.49,2.49,NaN,4.9,42.0,0.49,
2.5,2.5,NaN,5.0,42.0,0.5,0.5,2.5,2.5,NaN,5.0,42.0,0.5,0.5
2.51,2.51,NaN,5.1,42.0,0.51,0.51,2.51,2.51,NaN,5.1,42.0,0.51,0.51
2.52,2.52,NaN,5.2,42.0,0.52,,2.52,2.52,NaN,5.2,42.0,0.52,
2.53,2.53,NaN,5.3,42.0,0.53,0.53,2.53,2.53,NaN,5.3,42.0,0.53,0.53
2.54,2.54,NaN,5.4,42.0,0.54,0.54,2.54,2.54,NaN,5.4,42.0,0.54,0.54
2.55,2.55,NaN,5.5,42.0,0.55,,2.55,2.55,NaN,5.5,42.0,0.55,
2.56,2.56,NaN,5.6,42.0,0.56,0.56,2.56,2.56,NaN,5.6,42.0,0.56,0.56
2.57,2.57,NaN,5.7,42.0,0.57,0.57,2.57,2.57,NaN,5.7,42.0,0.57,0.57
2.58,2.58,NaN,5.8,42.0,0.58,,2.58,2.58,NaN,5.8,42.0,0.58,
2.59,2.59,NaN,5.9,42.0,0.59,0.59,2.59,2.59,NaN,5.9,42.0,0.59,0.59
2.6,2.6,NaN,6.0,42.0,0.6,0.6,2.6,2.6,NaN,6.0,42.0,0.6,0.6
2.61,2.61,NaN,6.1,42.0,0.61,,2.61,2.61,NaN,6.1,42.0,0.61,
2.62,2.62,NaN,6.2,42.0,0.62,0.62,2.62,2.62,NaN,6.2,42.0,0.62,0.62
2.63,2.63,NaN,6.3,42.0,0.63,0.63,2.63,2.63,NaN,6.3,42.0,0.63,0.63
2.64,2.64,NaN,6.4,42.0,0.64,,2.64,2.64,NaN,6.4,42.0,0.64,
2.65,2.65,NaN,6.5,42.0,0.65,0.65,2.65,2.65,NaN,6.5,42.0,0.65,0.65
2.66,2.66,NaN,6.6,42.0,0.66,0.66,2.66,2.66,NaN,6.6,42.0,0.66,0.66
2.67,2.67,NaN,6.7,42.0,0.67,,2.67,2.67,NaN,6.7,42.0,0.67,
2.68,2.68,NaN,6.8,42.0,0.68,0.68,2.68,2.68,NaN,6.8,42.0,0.68,0.68
2.69,2.69,NaN,6.9,42.0,0.69,0.69,2.69,2.69,NaN,6.9,42.0,0.69,0.69
2.7,2.7,NaN,7.0,42.0,0.7,,2.7,2.7,NaN,7.0,42.0,0.7,
2.71,2.71,NaN,7.1,42.0,0.71,0.71,2.71,2.71,NaN,7.1,42.0,0.71,0.71
2.72,2.72,NaN,7.2,42.0,0.72,0.72,2.72,2.72,NaN,7.2,42.0,0.72,0.72
2.73,2.73,NaN,7.3,42.0,0.73,,2.73,2.73,NaN,7.3,42.0,0.73,
2.74,2.74,NaN,7.4,42.0,0.74,0.74,2.74,2.74,NaN,7.4,42.0,0.74,0.74
2.75,2.75,NaN,7.5,42.0,0.75,0.75,2.75,2.75,NaN,7.5,42.0,0.75,0.75
2.76,2.76,NaN,7.6,42.0,0.76,,2.76,2.76,NaN,7.6,42.0,0.76,
2.77,2.77,NaN,7.7,42.0,0.77,0.77,2.77,2.77,NaN,7.7,42.0,0.77,0.77
2.78,2.78,NaN,7.8,42.0,0.78,0.78,2.78,2.78,NaN,7.8,42.0,0.78,0.78
2.79,2.79,NaN,7.9,42.0,0.79,,2.79,2.79,NaN,7.9,42.0,0.79,
2.8,2.8,NaN,8.0,42.0,0.8,0.8,2.8,2.8,NaN,8.0,42.0,0.8,0.8
2.81,2.81,NaN,8.1,42.0,0.81,0.81,2.81,2.81,NaN,8.1,42.0,0.81,0.81
2.82,2.82,NaN,8.2,42.0,0.82,,2.82,2.82,NaN,8.2,42.0,0.82,
2.83,2.83,NaN,8.3,42.0,0.83,0.83,2.83,2.83,NaN,8.3,42.0,0.83,0.83
2.84,2.84,NaN,8.4,42.0,0.84,0.84,2.84,2.84,NaN,8.4,42.0,0.84,0.84
2.85,2.85,NaN,8.5,42.0,0.85,,2.85,2.85,NaN,8.5,42.0,0.85,
2.86,2.86,NaN,8.6,42.0,0.86,0.86,2.86,2.86,NaN,8.6,42.0,0.86,0.86
2.87,2.87,NaN,8.7,42.0,0.87,0.87,2.87,2.87,NaN,8.7,42.0,0.87,0.87
2.88,2.88,NaN,8.8,42.0,0.88,,2.88,2.88,NaN,8.8,42.0,0.88,
2.89,2.89,NaN,8.9,42.0,0.89,0.89,2.89,2.89,NaN,8.9,42.0,0.89,0.89
2.9,2.9,NaN,9.0,42.0,0.9,0.9,2.9,2.9,NaN,9.0,42.0,0.9,0.9
2.91,2.91,NaN,9.1,42.0,0.91,,2.91,2.91,NaN,9.1,42.0,0.91,
2.92,2.92,NaN,9.2,42.0,0.92,0.92,2.92,2.92,NaN,9.2,42.0,0.92,0.92
2.93,2.93,NaN,9.3,42.0,0.93,0.93,2.93,2.93,NaN,9.3,42.0,0.93,0.93
2.94,2.94,NaN,9.4,42.0,0.94,,2.94,2.94,NaN,9.4,42.0,0.94,
2.95,2.95,NaN,9.5,42.0,0.95,0.95,2.95,2.95,NaN,9.5,42.0,0.95,0.95
2.96,2.96,NaN,9.6,42.0,0.96,0.96,2.96,2.96,NaN,9.6,42.0,0.96,0.96
2.97,2.97,NaN,9.7,42.0,0.97,,2.97,2.97,NaN,9.7,42.0,0.97,
2.98,2.98,NaN,9.8,42.0,0.98,0.98,2.98,2.98,NaN,9.8,42.0,0.98,0.98
2.99,2.99,NaN,9.9,42.0,0.99,0.99,2.99,2.99,NaN,9.9,42.0,0.99,0.99
3.0,3.0,NaN,0.0,42.0,0.0,,3.0,3.0,NaN,0.0,42.0,0.0,
3.01,3.01,NaN,0.1,42.0,0.01,0.01,3.01,3.01,NaN,0.1,42.0,0.01,0.01
3.02,3.02,NaN,0.2,42.0,0.02,0.02,3.02,3.02,NaN,0.2,42.0,0.02,0.02
3.03,3.03,NaN,0.3,42.0,0.03,,3.03,3.03,NaN,0.3,42.0,0.03,
3.04,3.04,NaN,0.4,42.0,0.04,0.04,3.04,3.04,NaN,0.4,42.0,0.04,0.04
3.05,3.05,NaN,0.5,42.0,0.05,0.05,3.05,3.05,NaN,0.5,42.0,0.05,0.05
3.06,3.06,NaN,0.6,42.0,0.06,,3.06,3.06,NaN,0.6,42.0,0.06,
3.07,3.07,NaN,0.7,42.0,0.07,0.07,3.07,3.07,NaN,0.7,42.0,0.07,0.07
3.08,3.08,NaN,0.8,42.0,0.08,0.08,3.08,3.08,NaN,0.8,42.0,0.08,0.08
3.09,3.09,NaN,0.9,42.0,0.09,,3.09,3.09,NaN,0.9,42.0,0.09,
3.1,3.1,NaN,1.0,42.0,0.1,0.1,3.1,3.1,NaN,1.0,42.0,0.1,0.1
3.11,3.11,NaN,1.1,42.0,0.11,0.11,3.11,3.11,NaN,1.1,42.0,0.11,0.11
3.12,3.12,NaN,1.2,42.0,0.12,,3.12,3.12,NaN,1.2,42.0,0.12,
3.13,3.13,NaN,1.3,42.0,0.13,0.13,3.13,3.13,NaN,1.3,42.0,0.13,0.13
3.14,3.14,NaN,1.4,42.0,0.14,0.14,3.14,3.14,NaN,1.4,42.0,0.14,0.14
3.15,3.15,NaN,1.5,42.0,0.15,,3.15,3.15,NaN,1.5,42.0,0.15,
3.16,3.16,NaN,1.6,42.0,0.16,0.16,3.16,3.16,NaN,1.6,42.0,0.16,0.16
3.17,3.17,NaN,1.7,42.0,0.17,0.17,3.17,3.17,NaN,1.7,42.0,0.17,0.17
3.18,3.18,NaN,1.8,42.0,0.18,,3.18,3.18,NaN,1.8,42.0,0.18,
3.19,3.19,NaN,1.9,42.0,0.19,0.19,3.19,3.19,NaN,1.9,42.0,0.19,0.19
3.2,3.2,NaN,2.0,42.0,0.2,0.2,3.2,3.2,NaN,2.0,42.0,0.2,0.2
3.21,3.21,NaN,2.1,42.0,0.21,,3.21,3.21,NaN,2.1,42.0,0.21,
3.22,3.22,NaN,2.2,42.0,0.22,0.22,3.22,3.22,NaN,2.2,42.0,0.22,0.22
3.23,3.23,NaN,2.3,42.0,0.23,0.23,3.23,3.23,NaN,2.3,42.0,0.23,0.23
3.24,3.24,NaN,2.4,42.0,0.24,,3.24,3.24,NaN,2.4,42.0,0.24,
3.25,3.25,NaN,2.5,42.0,0.25,0.25,3.25,3.25,NaN,2.5,42.0,0.25,0.25
3.26,3.26,NaN,2.6,42.0,0.26,0.26,3.26,3.26,NaN,2.6,42.0,0.26,0.26
3.27,3.27,NaN,2.7,42.0,0.27,,3.27,3.27,NaN,2.7,42.0,0.27,
3.28,3.28,NaN,2.8,42.0,0.28,0.28,3.28,3.28,NaN,2.8,42.0,0.28,0.28
3.29,3.29,NaN,2.9,42.0,0.29,0.29,3.29,3.29,NaN,2.9,42.0,0.29,0.29
3.3,3.3,NaN,3.0,42.0,0.3,,3.3,3.3,NaN,3.0,42.0,0.3,
3.31,3.31,NaN,3.1,42.0,0.31,0.31,3.31,3.31,NaN,3.1,42.0,0.31,0.31
3.32,3.32,NaN,3.2,42.0,0.32,0.32,3.32,3.32,NaN,3.2,42.0,0.32,0.32
3.33,3.33,NaN,3.3,42.0,0.33,,3.33,3.33,NaN,3.3,42.0,0.33,
3.34,3.34,NaN,3.4,42.0,0.34,0.34,3.34,3.34,NaN,3.4,42.0,0.34,0.34
3.35,3.35,NaN,3.5,42.0,0.35,0.35,3.35,3.35,NaN,3.5,42.0,0.35,0.35
3.36,3.36,NaN,3.6,42.0,0.36,,3.36,3.36,NaN,3.6,42.0,0.36,
3.37,3.37,NaN,3.7,42.0,0.37,0.37,3.37,3.37,NaN,3.7,42.0,0.37,0.37
3.38,3.38,NaN,3.8,42.0,0.38,0.38,3.38,3.38,NaN,3.8,42.0,0.38,0.38
3.39,3.39,NaN,3.9,42.0,0.39,,3.39,3.39,NaN,3.9,42.0,0.39,
3.4,3.4,NaN,4.0,42.0,0.4,0.4,3.4,3.4,NaN,4.0,42.0,0.4,0.4
3.41,3.41,NaN,4.1,42.0,0.41,0.41,3.41,3.41,NaN,4.1,42.0,0.41,0.41
3.42,3.42,NaN,4.2,42.0,0.42,,3.42,3.42,NaN,4.2,42.0,0.42,
3.43,3.43,NaN,4.3,42.0,0.43,0.43,3.43,3.43,NaN,4.3,42.0,0.43,0.43
3.44,3.44,NaN,4.4,42.0,0.44,0.44,3.44,3.44,NaN,4.4,42.0,0.44,0.44
3.45,3.45,NaN,4.5,42.0,0.45,,3.45,3.45,NaN,4.5,42.0,0.45,
3.46,3.46,NaN,4.6,42.0,0.46,0.46,3.46,3.46,NaN,4.6,42.0,0.46,0.46
3.47,3.47,NaN,4.7,42.0,0.47,0.47,3.47,3.47,NaN,4.7,42.0,0.47,0.47
3.48,3.48,NaN,4.8,42.0,0.48,,3.48,3.48,NaN,4.8,42.0,0.48,
3.49,3.49,NaN,4.9,42.0,0.49,0.49,3.49,3.49,NaN,4.9,42.0,0.49,0.49
3.5,3.5,NaN,5.0,42.0,0.5,0.5,3.5,3.5,NaN,5.0,42.0,0.5,0.5
3.51,3.51,NaN,5.1,42.0,0.51,,3.51,3.51,NaN,5.1,42.0,0.51,
3.52,3.52,NaN,5.2,42.0,0.52,0.52,3.52,3.52,NaN,5.2,42.0,0.52,0.52
3.53,3.53,NaN,5.3,42.0,0.53,0.53,3.53,3.53,NaN,5.3,42.0,0.53,0.53
3.54,3.54,NaN,5.4,42.0,0.54,,3.54,3.54,NaN,5.4,42.0,0.54,
3.55,3.55,NaN,5.5,42.0,0.55,0.55,3.55,3.55,NaN,5.5,42.0,0.55,0.55
3.56,3.56,NaN,5.6,42.0,0.56,0.56,3.56,3.56,NaN,5.6,42.0,0.56,0.56
3.57,3.57,NaN,5.7,42.0,0.57,,3.57,3.57,NaN,5.7,42.0,0.57,
3.58,3.58,NaN,5.8,42.0,0.58,0.58,3.58,3.58,NaN,5.8,42.0,0.58,0.58
3.59,3.59,NaN,5.9,42.0,0.59,0.59,3.59,3.59,NaN,5.9,42.0,0.59,0.59
3.6,3.6,NaN,6.0,42.0,0.6,,3.6,3.6,NaN,6.0,42.0,0.6,
3.61,3.61,NaN,6.1,42.0,0.61,0.61,3.61,3.61,NaN,6.1,42.0,0.61,0.61
3.62,3.62,NaN,6.2,42.0,0.62,0.62,3.62,3.62,NaN,6.2,42.0,0.62,0.62
3.63,3.63,NaN,6.3,42.0,0.63,,3.63,3.63,NaN,6.3,42.0,0.63,
3.64,3.64,NaN,6.4,42.0,0.64,0.64,3.64,3.64,NaN,6.4,42.0,0.64,0.64
3.65,3.65,NaN,6.5,42.0,0.65,0.65,3.65,3.65,NaN,6.5,42.0,0.65,0.65
3.66,3.66,NaN,6.6,42.0,0.66,,3.66,3.66,NaN,6.6,42.0,0.66,
3.67,3.67,NaN,6.7,42.0,0.67,0.67,3.67,3.67,NaN,6.7,42.0,0.67,0.67
3.68,3.68,NaN,6.8,42.0,0.68,0.68,3.68,3.68,NaN,6.8,42.0,0.68,0.68
3.69,3.69,NaN,6.9,42.0,0.69,,3.69,3.69,NaN,6.9,42.0,0.69,
3.7,3.7,NaN,7.0,42.0,0.7,0.7,3.7,3.7,NaN,7.0,42.0,0.7,0.7
3.71,3.71,NaN,7.1,42.0,0.71,0.71,3.71,3.71,NaN,7.1,42.0,0.71,0.71
3.72,3.72,NaN,7.2,42.0,0.72,,3.72,3.72,NaN,7.2,42.0,0.72,
3.73,3.73,NaN,7.3,42.0,0.73,0.73,3.73,3.73,NaN,7.3,42.0,0.73,0.73
3.74,3.74,NaN,7.4,42.0,0.74,0.74,3.74,3.74,NaN,7.4,42.0,0.74,0.74
3.75,3.75,NaN,7.5,42.0,0.75,,3.75,3.75,NaN,7.5,42.0,0.75,
3.76,3.76,NaN,7.6,42.0,0.76,0.76,3.76,3.76,NaN,7.6,42.0,0.76,0.76
3.77,3.77,NaN,7.7,42.0,0.77,0.77,3.77,3.77,NaN,7.7,42.0,0.77,0.77
3.78,3.78,NaN,7.8,42.0,0.78,,3.78,3.78,NaN,7.8,42.0,0.78,
3.79,3.79,NaN,7.9,42.0,0.79,0.79,3.79,3.79,NaN,7.9,42.0,0.79,0.79
3.8,3.8,NaN,8.0,42.0,0.8,0.8,3.8,3.8,NaN,8.0,42.0,0.8,0.8
3.81,3.81,NaN,8.1,42.0,0.81,,3.81,3.81,NaN,8.1,42.0,0.81,
3.82,3.82,NaN,8.2,42.0,0.82,0.82,3.82,3.82,NaN,8.2,42.0,0.82,0.82
3.83,3.83,NaN,8.3,42.0,0.83,0.83,3.83,3.83,NaN,8.3,42.0,0.83,0.83
3.84,3.84,NaN,8.4,42.0,0.84,,3.84,3.84,NaN,8.4,42.0,0.84,
3.85,3.85,NaN,8.5,42.0,0.85,0.85,3.85,3.85,NaN,8.5,42.0,0.85,0.85
3.86,3.86,NaN,8.6,42.0,0.86,0.86,3.86,3.86,NaN,8.6,42.0,0.86,0.86
3.87,3.87,NaN,8.7,42.0,0.87,,3.87,3.87,NaN,8.7,42.0,0.87,
3.88,3.88,NaN,8.8,42.0,0.88,0.88,3.88,3.88,NaN,8.8,42.0,0.88,0.88
3.89,3.89,NaN,8.9,42.0,0.89,0.89,3.89,3.89,NaN,8.9,42.0,0.89,0.89
3.9,3.9,NaN,9.0,42.0,0.9,,3.9,3.9,NaN,9.0,42.0,0.9,
3.91,3.91,NaN,9.1,42.0,0.91,0.91,3.91,3.91,NaN,9.1,42.0,0.91,0.91
3.92,3.92,NaN,9.2,42.0,0.92,0.92,3.92,3.92,NaN,9.2,42.0,0.92,0.92
3.93,3.93,NaN,9.3,42.0,0.93,,3.93,3.93,NaN,9.3,42.0,0.93,
3.94,3.94,NaN,9.4,42.0,0.94,0.94,3.94,3.94,NaN,9.4,42.0,0.94,0.94
3.95,3.95,NaN,9.5,42.0,0.95,0.95,3.95,3.95,NaN,9.5,42.0,0.95,0.95
3.96,3.96,NaN,9.6,42.0,0.96,,3.96,3.96,NaN,9.6,42.0,0.96,
3.97,3.97,NaN,9.7,42.0,0.97,0.97,3.97,3.97,NaN,9.7,42.0,0.97,0.97
3.98,3.98,NaN,9.8,42.0,0.98,0.98,3.98,3.98,NaN,9.8,42.0,0.98,0.98
3.99,3.99,NaN,9.9,42.0,0.99,,3.99,3.99,NaN,9.9,42.0,0.99,
4.0,4.0,NaN,0.0,42.0,0.0,0.0,4.0,4.0,NaN,0.0,42.0,0.0,0.0
4.01,4.01,NaN,0.1,42.0,0.01,0.01,4.01,4.01,NaN,0.1,42.0,0.01,0.01
4.02,4.02,NaN,0.2,42.0,0.02,,4.02,4.02,NaN,0.2,42.0,0.02,
4.03,4.03,NaN,0.3,42.0,0.03,0.03,4.03,4.03,NaN,0.3,42.0,0.03,0.03
4.04,4.04,NaN,0.4,42.0,0.04,0.04,4.04,4.04,NaN,0.4,42.0,0.04,0.04
4.05,4.05,NaN,0.5,42.0,0.05,,4.05,4.05,NaN,0.5,42.0,0.05,
4.06,4.06,NaN,0.6,42.0,0.06,0.06,4.06,4.06,NaN,0.6,42.0,0.06,0.06
4.07,4.07,NaN,0.7,42.0,0.07,0.07,4.07,4.07,NaN,0.7,42.0,0.07,0.07
4.08,4.08,NaN,0.8,42.0,0.08,,4.08,4.08,NaN,0.8,42.0,0.08,
4.09,4.09,NaN,0.9,42.0,0.09,0.09,4.09,4.09,NaN,0.9,42.0,0.09,0.09
4.1,4.1,NaN,1.0,42.0,0.1,0.1,4.1,4.1,NaN,1.0,42.0,0.1,0.1
4.11,4.11,NaN,1.1,42.0,0.11,,4.11,4.11,NaN,1.1,42.0,0.11,
4.12,4.12,NaN,1.2,42.0,0.12,0.12,4.12,4.12,NaN,1.2,42.0,0.12,0.12
4.13,4.13,NaN,1.3,42.0,0.13,0.13,4.13,4.13,NaN,1.3,42.0,0.13,0.13
4.14,4.14,NaN,1.4,42.0,0.14,,4.14,4.14,NaN,1.4,42.0,0.14,
4.15,4.15,NaN,1.5,42.0,0.15,0.15,4.15,4.15,NaN,1.5,42.0,0.15,0.15
4.16,4.16,NaN,1.6,42.0,0.16,0.16,4.16,4.16,NaN,1.6,42.0,0.16,0.16
4.17,4.17,NaN,1.7,42.0,0.17,,4.17,4.17,NaN,1.7,42.0,0.17,
4.18,4.18,NaN,1.8,42.0,0.18,0.18,4.18,4.18,NaN,1.8,42.0,0.18,0.18
4.19,4.19,NaN,1.9,42.0,0.19,0.19,4.19,4.19,NaN,1.9,42.0,0.19,0.19
4.2,4.2,NaN,2.0,42.0,0.2,,4.2,4.2,NaN,2.0,42.0,0.2,
4.21,4.21,NaN,2.1,42.0,0.21,0.21,4.21,4.21,NaN,2.1,42.0,0.21,0.21
4.22,4.22,NaN,2.2,42.0,0.22,0.22,4.22,4.22,NaN,2.2,42.0,0.22,0.22
4.23,4.23,NaN,2.3,42.0,0.23,,4.23,4.23,NaN,2.3,42.0,0.23,
4.24,4.24,NaN,2.4,42.0,0.24,0.24,4.24,4.24,NaN,2.4,42.0,0.24,0.24
4.25,4.25,NaN,2.5,42.0,0.25,0.25,4.25,4.25,NaN,2.5,42.0,0.25,0.25
4.26,4.26,NaN,2.6,42.0,0.26,,4.26,4.26,NaN,2.6,42.0,0.26,
4.27,4.27,NaN,2.7,42.0,0.27,0.27,4.27,4.27,NaN,2.7,42.0,0.27,0.27
4.28,4.28,NaN,2.8,42.0,0.28,0.28,4.28,4.28,NaN,2.8,42.0,0.28,0.28
4.29,4.29,NaN,2.9,42.0,0.29,,4.29,4.29,NaN,2.9,42.0,0.29,
4.3,4.3,NaN,3.0,42.0,0.3,0.3,4.3,4.3,NaN,3.0,42.0,0.3,0.3
4.31,4.31,NaN,3.1,42.0,0.31,0.31,4.31,4.31,NaN,3.1,42.0,0.31,0.31
4.32,4.32,NaN,3.2,42.0,0.32,,4.32,4.32,NaN,3.2,42.0,0.32,
4.33,4.33,NaN,3.3,42.0,0.33,0.33,4.33,4.33,NaN,3.3,42.0,0.33,0.33
4.34,4.34,NaN,3.4,42.0,0.34,0.34,4.34,4.34,NaN,3.4,42.0,0.34,0.34
4.35,4.35,NaN,3.5,42.0,0.35,,4.35,4.35,NaN,3.5,42.0,0.35,
4.36,4.36,NaN,3.6,42.0,0.36,0.36,4.36,4.36,NaN,3.6,42.0,0.36,0.36
4.37,4.37,NaN,3.7,42.0,0.37,0.37,4.37,4.37,NaN,3.7,42.0,0.37,0.37
4.38,4.38,NaN,3.8,42.0,0.38,,4.38,4.38,NaN,3.8,42.0,0.38,
4.39,4.39,NaN,3.9,42.0,0.39,0.39,4.39,4.39,NaN,3.9,42.0,0.39,0.39
4.4,4.4,NaN,4.0,42.0,0.4,0.4,4.4,4.4,NaN,4.0,42.0,0.4,0.4
4.41,4.41,NaN,4.1,42.0,0.41,,4.41,4.41,NaN,4.1,42.0,0.41,
4.42,4.42,NaN,4.2,42.0,0.42,0.42,4.42,4.42,NaN,4.2,42.0,0.42,0.42
4.43,4.43,NaN,4.3,42.0,0.43,0.43,4.43,4.43,NaN,4.3,42.0,0.43,0.43
4.44,4.44,NaN,4.4,42.0,0.44,,4.44,4.44,NaN,4.4,42.0,0.44,
4.45,4.45,NaN,4.5,42.0,0.45,0.45,4.45,4.45,NaN,4.5,42.0,0.45,0.45
4.46,4.46,NaN,4.6,42.0,0.46,0.46,4.46,4.46,NaN,4.6,42.0,0.46,0.46
4.47,4.47,NaN,4.7,42.0,0.47,,4.47,4.47,NaN,4.7,42.0,0.47,
4.48,4.48,NaN,4.8,42.0,0.48,0.48,4.48,4.48,NaN,4.8,42.0,0.48,0.48
4.49,4.49,NaN,4.9,42.0,0.49,0.49,4.49,4.49,NaN,4.9,42.0,0.49,0.49
4.5,4.5,NaN,5.0,42.0,0.5,,4.5,4.5,NaN,5.0,42.0,0.5,
4.51,4.51,NaN,5.1,42.0,0.51,0.51,4.51,4.51,NaN,5.1,42.0,0.51,0.51
4.52,4.52,NaN,5.2,42.0,0.52,0.52,4.52,4.52,NaN,5.2,42.0,0.52,0.52
4.53,4.53,NaN,5.3,42.0,0.53,,4.53,4.53,NaN,5.3,42.0,0.53,
4.54,4.54,NaN,5.4,42.0,0.54,0.54,4.54,4.54,NaN,5.4,42.0,0.54,0.54
4.55,4.55,NaN,5.5,42.0,0.55,0.55,4.55,4.55,NaN,5.5,42.0,0.55,0.55
4.56,4.56,NaN,5.6,42.0,0.56,,4.56,4.56,NaN,5.6,42.0,0.56,
4.57,4.57,NaN,5.7,42.0,0.57,0.57,4.57,4.57,NaN,5.7,42.0,0.57,0.57
4.58,4.58,NaN,5.8,42.0,0.58,0.58,4.58,4.58,NaN,5.8,42.0,0.58,0.58
4.59,4.59,NaN,5.9,42.0,0.59,,4.59,4.59,NaN,5.9,42.0,0.59,
4.6,4.6,NaN,6.0,42.0,0.6,0.6,4.6,4.6,NaN,6.0,42.0,0.6,0.6
4.61,4.61,NaN,6.1,42.0,0.61,0.61,4.61,4.61,NaN,6.1,42.0,0.61,0.61
4.62,4.62,NaN,6.2,42.0,0.62,,4.62,4.62,NaN,6.2,42.0,0.62,
4.63,4.63,NaN,6.3,42.0,0.63,0.63,4.63,4.63,NaN,6.3,42.0,0.63,0.63
4.64,4.64,NaN,6.4,42.0,0.64,0.64,4.64,4.64,NaN,6.4,42.0,0.64,0.64
4.65,4.65,NaN,6.5,42.0,0.65,,4.65,4.65,NaN,6.5,42.0,0.65,
4.66,4.66,NaN,6.6,42.0,0.66,0.66,4.66,4.66,NaN,6.6,42.0,0.66,0.66
4.67,4.67,NaN,6.7,42.0,0.67,0.67,4.67,4.67,NaN,6.7,42.0,0.67,0.67
4.68,4.68,NaN,6.8,42.0,0.68,,4.68,4.68,NaN,6.8,42.0,0.68,
4.69,4.69,NaN,6.9,42.0,0.69,0.69,4.69,4.69,NaN,6.9,42.0,0.69,0.69
4.7,4.7,NaN,7.0,42.0,0.7,0.7,4.7,4.7,NaN,7.0,42.0,0.7,0.7
4.71,4.71,NaN,7.1,42.0,0.71,,4.71,4.71,NaN,7.1,42.0,0.71,
4.72,4.72,NaN,7.2,42.0,0.72,0.72,4.72,4.72,NaN,7.2,42.0,0.72,0.72
4.73,4.73,NaN,7.3,42.0,0.73,0.73,4.73,4.73,NaN,7.3,42.0,0.73,0.73
4.74,4.74,NaN,7.4,42.0,0.74,,4.74,4.74,NaN,7.4,42.0,0.74,
4.75,4.75,NaN,7.5,42.0,0.75,0.75,4.75,4.75,NaN,7.5,42.0,0.75,0.75
4.76,4.76,NaN,7.6,42.0,0.76,0.76,4.76,4.76,NaN,7.6,42.0,0.76,0.76
4.77,4.77,NaN,7.7,42.0,0.77,,4.77,4.77,NaN,7.7,42.0,0.77,
4.78,4.78,NaN,7.8,42.0,0.78,0.78,4.78,4.78,NaN,7.8,42.0,0.78,0.78
4.79,4.79,NaN,7.9,42.0,0.79,0.79,4.79,4.79,NaN,7.9,42.0,0.79,0.79
4.8,4.8,NaN,8.0,42.0,0.8,,4.8,4.8,NaN,8.0,42.0,0.8,
4.81,4.81,NaN,8.1,42.0,0.81,0.81,4.81,4.81,NaN,8.1,42.0,0.81,0.81
4.82,4.82,NaN,8.2,42.0,0.82,0.82,4.82,4.82,NaN,8.2,42.0,0.82,0.82
4.83,4.83,NaN,8.3,42.0,0.83,,4.83,4.83,NaN,8.3,42.0,0.83,
4.84,4.84,NaN,8.4,42.0,0.84,0.84,4.84,4.84,NaN,8.4,42.0,0.84,0.84
4.85,4.85,NaN,8.5,42.0,0.85,0.85,4.85,4.85,NaN,8.5,42.0,0.85,0.85
4.86,4.86,NaN,8.6,42.0,0.86,,4.86,4.86,NaN,8.6,42.0,0.86,
4.87,4.87,NaN,8.7,42.0,0.87,0.87,4.87,4.87,NaN,8.7,42.0,0.87,0.87
4.88,4.88,NaN,8.8,42.0,0.88,0.88,4.88,4.88,NaN,8.8,42.0,0.88,0.88
4.89,4.89,NaN,8.9,42.0,0.89,,4.89,4.89,NaN,8.9,42.0,0.89,
4.9,4.9,NaN,9.0,42.0,0.9,0.9,4.9,4.9,NaN,9.0,42.0,0.9,0.9
4.91,4.91,NaN,9.1,42.0,0.91,0.91,4.91,4.91,NaN,9.1,42.0,0.91,0.91
4.92,4.92,NaN,9.2,42.0,0.92,,4.92,4.92,NaN,9.2,42.0,0.92,
4.93,4.93,NaN,9.3,42.0,0.93,0.93,4.93,4.93,NaN,9.3,42.0,0.93,0.93
4.94,4.94,NaN,9.4,42.0,0.94,0.94,4.94,4.94,NaN,9.4,42.0,0.94,0.94
4.95,4.95,NaN,9.5,42.0,0.95,,4.95,4.95,NaN,9.5,42.0,0.95,
4.96,4.96,NaN,9.6,42.0,0.96,0.96,4.96,4.96,NaN,9.6,42.0,0.96,0.96
4.97,4.97,NaN,9.7,42.0,0.97,0.97,4.97,4.97,NaN,9.7,42.0,0.97,0.97
4.98,4.98,NaN,9.8,42.0,0.98,,4.98,4.98,NaN,9.8,42.0,0.98,
4.99,4.99,NaN,9.9,42.0,0.99,0.99,4.99,4.99,NaN,9.9,42.0,0.99,0.99
5.0,5.0,NaN,0.0,42.0,0.0,0.0,5.0,5.0,NaN,0.0,42.0,0.0,0.0
5.01,5.01,NaN,0.1,42.0,0.01,,5.01,5.01,NaN,0.1,42.0,0.01,
5.02,5.02,NaN,0.2,42.0,0.02,0.02,5.02,5.02,NaN,0.2,42.0,0.02,0.02
5.03,5.03,NaN,0.3,42.0,0.03,0.03,5.03,5.03,NaN,0.3,42.0,0.03,0.03
5.04,5.04,NaN,0.4,42.0,0.04,,5.04,5.04,NaN,0.4,42.0,0.04,
5.05,5.05,NaN,0.5,42.0,0.05,0.05,5.05,5.05,NaN,0.5,42.0,0.05,0.05
5.06,5.06,NaN,0.6,42.0,0.06,0.06,5.06,5.06,NaN,0.6,42.0,0.06,0.06
5.07,5.07,NaN,0.7,42.0,0.07,,5.07,5.07,NaN,0.7,42.0,0.07,
5.08,5.08,NaN,0.8,42.0,0.08,0.08,5.08,5.08,NaN,0.8,42.0,0.08,0.08
5.09,5.09,NaN,0.9,42.0,0.09,0.09,5.09,5.09,NaN,0.9,42.0,0.09,0.09
5.1,5.1,NaN,1.0,42.0,0.1,,5.1,5.1,NaN,1.0,42.0,0.1,
5.11,5.11,NaN,1.1,42.0,0.11,0.11,5.11,5.11,NaN,1.1,42.0,0.11,0.11
5.12,5.12,NaN,1.2,42.0,0.12,0.12,5.12,5.12,NaN,1.2,42.0,0.12,0.12
5.13,5.13,NaN,1.3,42.0,0.13,,5.13,5.13,NaN,1.3,42.0,0.13,
5.14,5.14,NaN,1.4,42.0,0.14,0.14,5.14,5.14,NaN,1.4,42.0,0.14,0.14
5.15,5.15,NaN,1.5,42.0,0.15,0.15,5.15,5.15,NaN,1.5,42.0,0.15,0.15
5.16,5.16,NaN,1.6,42.0,0.16,,5.16,5.16,NaN,1.6,42.0,0.16,
5.17,5.17,NaN,1.7,42.0,0.17,0.17,5.17,5.17,NaN,1.7,42.0,0.17,0.17
5.18,5.18,NaN,1.8,42.0,0.18,0.18,5.18,5.18,NaN,1.8,42.0,0.18,0.18
5.19,5.19,NaN,1.9,42.0,0.19,,5.19,5.19,NaN,1.9,42.0,0.19,
5.2,5.2,NaN,2.0,42.0,0.2,0.2,5.2,5.2,NaN,2.0,42.0,0.2,0.2
5.21,5.21,NaN,2.1,42.0,0.21,0.21,5.21,5.21,NaN,2.1,42.0,0.21,0.21
5.22,5.22,NaN,2.2,42.0,0.22,,5.22,5.22,NaN,2.2,42.0,0.22,
5.23,5.23,NaN,2.3,42.0,0.23,0.23,5.23,5.23,NaN,2.3,42.0,0.23,0.23
5.24,5.24,NaN,2.4,42.0,0.24,0.24,5.24,5.24,NaN,2.4,42.0,0.24,0.24
5.25,5.25,NaN,2.5,42.0,0.25,,5.25,5.25,NaN,2.5,42.0,0.25,
5.26,5.26,NaN,2.6,42.0,0.26,0.26,5.26,5.26,NaN,2.6,42.0,0.26,0.26
5.27,5.27,NaN,2.7,42.0,0.27,0.27,5.27,5.27,NaN,2.7,42.0,0.27,0.27
5.28,5.28,NaN,2.8,42.0,0.28,,5.28,5.28,NaN,2.8,42.0,0.28,
5.29,5.29,NaN,2.9,42.0,0.29,0.29,5.29,5.29,NaN,2.9,42.0,0.29,0.29
5.3,5.3,NaN,3.0,42.0,0.3,0.3,5.3,5.3,NaN,3.0,42.0,0.3,0.3
5.31,5.31,NaN,3.1,42.0,0.31,,5.31,5.31,NaN,3.1,42.0,0.31,
5.32,5.32,NaN,3.2,42.0,0.32,0.32,5.32,5.32,NaN,3.2,42.0,0.32,0.32
5.33,5.33,NaN,3.3,42.0,0.33,0.33,5.33,5.33,NaN,3.3,42.0,0.33,0.33
5.34,5.34,NaN,3.4,42.0,0.34,,5.34,5.34,NaN,3.4,42.0,0.34,
5.35,5.35,NaN,3.5,42.0,0.35,0.35,5.35,5.35,NaN,3.5,42.0,0.35,0.35
5.36,5.36,NaN,3.6,42.0,0.36,0.36,5.36,5.36,NaN,3.6,42.0,0.36,0.36
5.37,5.37,NaN,3.7,42.0,0.37,,5.37,5.37,NaN,3.7,42.0,0.37,
5.38,5.38,NaN,3.8,42.0,0.38,0.38,5.38,5.38,NaN,3.8,42.0,0.38,0.38
5.39,5.39,NaN,3.9,42.0,0.39,0.39,5.39,5.39,NaN,3.9,42.0,0.39,0.39
5.4,5.4,NaN,4.0,42.0,0.4,,5.4,5.4,NaN,4.0,42.0,0.4,
5.41,5.41,NaN,4.1,42.0,0.41,0.41,5.41,5.41,NaN,4.1,42.0,0.41,0.41
5.42,5.42,NaN,4.2,42.0,0.42,0.42,5.42,5.42,NaN,4.2,42.0,0.42,0.42
5.43,5.43,NaN,4.3,42.0,0.43,,5.43,5.43,NaN,4.3,42.0,0.43,
5.44,5.44,NaN,4.4,42.0,0.44,0.44,5.44,5.44,NaN,4.4,42.0,0.44,0.44
5.45,5.45,NaN,4.5,42.0,0.45,0.45,5.45,5.45,NaN,4.5,42.0,0.45,0.45
5.46,5.46,NaN,4.6,42.0,0.46,,5.46,5.46,NaN,4.6,42.0,0.46,
5.47,5.47,NaN,4.7,42.0,0.47,0.47,5.47,5.47,NaN,4.7,42.0,0.47,0.47
5.48,5.48,NaN,4.8,42.0,0.48,0.48,5.48,5.48,NaN,4.8,42.0,0.48,0.48
5.49,5.49,NaN,4.9,42.0,0.49,,5.49,5.49,NaN,4.9,42.0,0.49,
5.5,5.5,NaN,5.0,42.0,0.5,0.5,5.5,5.5,NaN,5.0,42.0,0.5,0.5
5.51,5.51,NaN,5.1,42.0,0.51,0.51,5.51,5.51,NaN,5.1,42.0,0.51,0.51
5.52,5.52,NaN,5.2,42.0,0.52,,5.52,5.52,NaN,5.2,42.0,0.52,
5.53,5.53,NaN,5.3,42.0,0.53,0.53,5.53,5.53,NaN,5.3,42.0,0.53,0.53
5.54,5.54,NaN,5.4,42.0,0.54,0.54,5.54,5.54,NaN,5.4,42.0,0.54,0.54
5.55,5.55,NaN,5.5,42.0,0.55,,5.55,5.55,NaN,5.5,42.0,0.55,
5.56,5.56,NaN,5.6,42.0,0.56,0.56,5.56,5.56,NaN,5.6,42.0,0.56,0.56
5.57,5.57,NaN,5.7,42.0,0.57,0.57,5.57,5.57,NaN,5.7,42.0,0.57,0.57
5.58,5.58,NaN,5.8,42.0,0.58,,5.58,5.58,NaN,5.8,42.0,0.58,
5.59,5.59,NaN,5.9,42.0,0.59,0.59,5.59,5.59,NaN,5.9,42.0,0.59,0.59
5.6,5.6,NaN,6.0,42.0,0.6,0.6,5.6,5.6,NaN,6.0,42.0,0.6,0.6
5.61,5.61,NaN,6.1,42.0,0.61,,5.61,5.61,NaN,6.1,42.0,0.61,
5.62,5.62,NaN,6.2,42.0,0.62,0.62,5.62,5.62,NaN,6.2,42.0,0.62,0.62
5.63,5.63,NaN,6.3,42.0,0.63,0.63,5.63,5.63,NaN,6.3,42.0,0.63,0.63
5.64,5.64,NaN,6.4,42.0,0.64,,5.64,5.64,NaN,6.4,42.0,0.64,
5.65,5.65,NaN,6.5,42.0,0.65,0.65,5.65,5.65,NaN,6.5,42.0,0.65,0.65
5.66,5.66,NaN,6.6,42.0,0.66,0.66,5.66,5.66,NaN,6.6,42.0,0.66,0.66
5.67,5.67,NaN,6.7,42.0,0.67,,5.67,5.67,NaN,6.7,42.0,0.67,
5.68,5.68,NaN,6.8,42.0,0.68,0.68,5.68,5.68,NaN,6.8,42.0,0.68,0.68
5.69,5.69,NaN,6.9,42.0,0.69,0.69,5.69,5.69,NaN,6.9,42.0,0.69,0.69
5.7,5.7,NaN,7.0,42.0,0.7,,5.7,5.7,NaN,7.0,42.0,0.7,
5.71,5.71,NaN,7.1,42.0,0.71,0.71,5.71,5.71,NaN,7.1,42.0,0.71,0.71
5.72,5.72,NaN,7.2,42.0,0.72,0.72,5.72,5.72,NaN,7.2,42.0,0.72,0.72
5.73,5.73,NaN,7.3,42.0,0.73,,5.73,5.73,NaN,7.3,42.0,0.73,
5.74,5.74,NaN,7.4,42.0,0.74,0.74,5.74,5.74,NaN,7.4,42.0,0.74,0.74
5.75,5.75,NaN,7.5,42.0,0.75,0.75,5.75,5.75,NaN,7.5,42.0,0.75,0.75
5.76,5.76,NaN,7.6,42.0,0.76,,5.76,5.76,NaN,7.6,42.0,0.76,
5.77,5.77,NaN,7.7,42.0,0.77,0.77,5.77,5.77,NaN,7.7,42.0,0.77,0.77
5.78,5.78,NaN,7.8,42.0,0.78,0.78,5.78,5.78,NaN,7.8,42.0,0.78,0.78
5.79,5.79,NaN,7.9,42.0,0.79,,5.79,5.79,NaN,7.9,42.0,0.79,
5.8,5.8,NaN,8.0,42.0,0.8,0.8,5.8,5.8,NaN,8.0,42.0,0.8,0.8
5.81,5.81,NaN,8.1,42.0,0.81,0.81,5.81,5.81,NaN,8.1,42.0,0.81,0.81
5.82,5.82,NaN,8.2,42.0,0.82,,5.82,5.82,NaN,8.2,42.0,0.82,
5.83,5.83,NaN,8.3,42.0,0.83,0.83,5.83,5.83,NaN,8.3,42.0,0.83,0.83
5.84,5.84,NaN,8.4,42.0,0.84,0.84,5.84,5.84,NaN,8.4,42.0,0.84,0.84
5.85,5.85,NaN,8.5,42.0,0.85,,5.85,5.85,NaN,8.5,42.0,0.85,
5.86,5.86,NaN,8.6,42.0,0.86,0.86,5.86,5.86,NaN,8.6,42.0,0.86,0.86
5.87,5.87,NaN,8.7,42.0,0.87,0.87,5.87,5.87,NaN,8.7,42.0,0.87,0.87
5.88,5.88,NaN,8.8,42.0,0.88,,5.88,5.88,NaN,8.8,42.0,0.88,
5.89,5.89,NaN,8.9,42.0,0.89,0.89,5.89,5.89,NaN,8.9,42.0,0.89,0.89
5.9,5.9,NaN,9.0,42.0,0.9,0.9,5.9,5.9,NaN,9.0,42.0,0.9,0.9
5.91,5.91,NaN,9.1,42.0,0.91,,5.91,5.91,NaN,9.1,42.0,0.91,
5.92,5.92,NaN,9.2,42.0,0.92,0.92,5.92,5.92,NaN,9.2,42.0,0.92,0.92
5.93,5.93,NaN,9.3,42.0,0.93,0.93,5.93,5.93,NaN,9.3,42.0,0.93,0.93
5.94,5.94,NaN,9.4,42.0,0.94,,5.94,5.94,NaN,9.4,42.0,0.94,
5.95,5.95,NaN,9.5,42.0,0.95,0.95,5.95,5.95,NaN,9.5,42.0,0.95,0.95
5.96,5.96,NaN,9.6,42.0,0.96,0.96,5.96,5.96,NaN,9.6,42.0,0.96,0.96
5.97,5.97,NaN,9.7,42.0,0.97,,5.97,5.97,NaN,9.7,42.0,0.97,
5.98,5.98,NaN,9.8,42.0,0.98,0.98,5.98,5.98,NaN,9.8,42.0,0.98,0.98
5.99,5.99,NaN,9.9,42.0,0.99,0.99,5.99,5.99,NaN,9.9,42.0,0.99,0.99
6.0,6.0,NaN,0.0,42.0,0.0,,6.0,6.0,NaN,0.0,42.0,0.0,
6.01,6.01,NaN,0.1,42.0,0.01,0.01,6.01,6.01,NaN,0.1,42.0,0.01,0.01
6.02,6.02,NaN,0.2,42.0,0.02,0.02,6.02,6.02,NaN,0.2,42.0,0.02,0.02
6.03,6.03,NaN,0.3,42.0,0.03,,6.03,6.03,NaN,0.3,42.0,0.03,
6.04,6.04,NaN,0.4,42.0,0.04,0.04,6.04,6.04,NaN,0.4,42.0,0.04,0.04
6.05,6.05,NaN,0.5,42.0,0.05,0.05,6.05,6.05,NaN,0.5,42.0,0.05,0.05
6.06,6.06,NaN,0.6,42.0,0.06,,6.06,6.06,NaN,0.6,42.0,0.06,
6.07,6.07,NaN,0.7,42.0,0.07,0.07,6.07,6.07,NaN,0.7,42.0,0.07,0.07
6.08,6.08,NaN,0.8,42.0,0.08,0.08,6.08,6.08,NaN,0.8,42.0,0.08,0.08
6.09,6.09,NaN,0.9,42.0,0.09,,6.09,6.09,NaN,0.9,42.0,0.09,
6.1,6.1,NaN,1.0,42.0,0.1,0.1,6.1,6.1,NaN,1.0,42.0,0.1,0.1
6.11,6.11,NaN,1.1,42.0,0.11,0.11,6.11,6.11,NaN,1.1,42.0,0.11,0.11
6.12,6.12,NaN,1.2,42.0,0.12,,6.12,6.12,NaN,1.2,42.0,0.12,
6.13,6.13,NaN,1.3,42.0,0.13,0.13,6.13,6.13,NaN,1.3,42.0,0.13,0.13
6.14,6.14,NaN,1.4,42.0,0.14,0.14,6.14,6.14,NaN,1.4,42.0,0.14,0.14
6.15,6.15,NaN,1.5,42.0,0.15,,6.15,6.15,NaN,1.5,42.0,0.15,
6.16,6.16,NaN,1.6,42.0,0.16,0.16,6.16,6.16,NaN,1.6,42.0,0.16,0.16
6.17,6.17,NaN,1.7,42.0,0.17,0.17,6.17,6.17,NaN,1.7,42.0,0.17,0.17
6.18,6.18,NaN,1.8,42.0,0.18,,6.18,6.18,NaN,1.8,42.0,0.18,
6.19,6.19,NaN,1.9,42.0,0.19,0.19,6.19,6.19,NaN,1.9,42.0,0.19,0.19
6.2,6.2,NaN,2.0,42.0,0.2,0.2,6.2,6.2,NaN,2.0,42.0,0.2,0.2
6.21,6.21,NaN,2.1,42.0,0.21,,6.21,6.21,NaN,2.1,42.0,0.21,
6.22,6.22,NaN,2.2,42.0,0.22,0.22,6.22,6.22,NaN,2.2,42.0,0.22,0.22
6.23,6.23,NaN,2.3,42.0,0.23,0.23,6.23,6.23,NaN,2.3,42.0,0.23,0.23
6.24,6.24,NaN,2.4,42.0,0.24,,6.24,6.24,NaN,2.4,42.0,0.24,
6.25,6.25,NaN,2.5,42.0,0.25,0.25,6.25,6.25,NaN,2.5,42.0,0.25,0.25
6.26,6.26,NaN,2.6,42.0,0.26,0.26,6.26,6.26,NaN,2.6,42.0,0.26,0.26
6.27,6.27,NaN,2.7,42.0,0.27,,6.27,6.27,NaN,2.7,42.0,0.27,
6.28,6.28,NaN,2.8,42.0,0.28,0.28,6.28,6.28,NaN,2.8,42.0,0.28,0.28
6.29,6.29,NaN,2.9,42.0,0.29,0.29,6.29,6.29,NaN,2.9,42.0,0.29,0.29
6.3,6.3,NaN,3.0,42.0,0.3,,6.3,6.3,NaN,3.0,42.0,0.3,
6.31,6.31,NaN,3.1,42.0,0.31,0.31,6.31,6.31,NaN,3.1,42.0,0.31,0.31
6.32,6.32,NaN,3.2,42.0,0.32,0.32,6.32,6.32,NaN,3.2,42.0,0.32,0.32
6.33,6.33,NaN,3.3,42.0,0.33,,6.33,6.33,NaN,3.3,42.0,0.33,
6.34,6.34,NaN,3.4,42.0,0.34,0.34,6.34,6.34,NaN,3.4,42.0,0.34,0.34
6.35,6.35,NaN,3.5,42.0,0.35,0.35,6.35,6.35,NaN,3.5,42.0,0.35,0.35
6.36,6.36,NaN,3.6,42.0,0.36,,6.36,6.36,NaN,3.6,42.0,0.36,
6.37,6.37,NaN,3.7,42.0,0.37,0.37,6.37,6.37,NaN,3.7,42.0,0.37,0.37
6.38,6.38,NaN,3.8,42.0,0.38,0.38,6.38,6.38,NaN,3.8,42.0,0.38,0.38
6.39,6.39,NaN,3.9,42.0,0.39,,6.39,6.39,NaN,3.9,42.0,0.39,
6.4,6.4,NaN,4.0,42.0,0.4,0.4,6.4,6.4,NaN,4.0,42.0,0.4,0.4
6.41,6.41,NaN,4.1,42.0,0.41,0.41,6.41,6.41,NaN,4.1,42.0,0.41,0.41
6.42,6.42,NaN,4.2,42.0,0.42,,6.42,6.42,NaN,4.2,42.0,0.42,
6.43,6.43,NaN,4.3,42.0,0.43,0.43,6.43,6.43,NaN,4.3,42.0,0.43,0.43
6.44,6.44,NaN,4.4,42.0,0.44,0.44,6.44,6.44,NaN,4.4,42.0,0.44,0.44
6.45,6.45,NaN,4.5,42.0,0.45,,6.45,6.45,NaN,4.5,42.0,0.45,
6.46,6.46,NaN,4.6,42.0,0.46,0.46,6.46,6.46,NaN,4.6,42.0,0.46,0.46
6.47,6.47,NaN,4.7,42.0,0.47,0.47,6.47,6.47,NaN,4.7,42.0,0.47,0.47
6.48,6.48,NaN,4.8,42.0,0.48,,6.48,6.48,NaN,4.8,42.0,0.48,
6.49,6.49,NaN,4.9,42.0,0.49,0.49,6.49,6.49,NaN,4.9,42.0,0.49,0.49
6.5,6.5,NaN,5.0,42.0,0.5,0.5,6.5,6.5,NaN,5.0,42.0,0.5,0.5
6.51,6.51,NaN,5.1,42.0,0.51,,6.51,6.51,NaN,5.1,42.0,0.51,
6.52,6.52,NaN,5.2,42.0,0.52,0.52,6.52,6.52,NaN,5.2,42.0,0.52,0.52
6.53,6.53,NaN,5.3,42.0,0.53,0.53,6.53,6.53,NaN,5.3,42.0,0.53,0.53
6.54,6.54,NaN,5.4,42.0,0.54,,6.54,6.54,NaN,5.4,42.0,0.54,
6.55,6.55,NaN,5.5,42.0,0.55,0.55,6.55,6.55,NaN,5.5,42.0,0.55,0.55
6.56,6.56,NaN,5.6,42.0,0.56,0.56,6.56,6.56,NaN,5.6,42.0,0.56,0.56
6.57,6.57,NaN,5.7,42.0,0.57,,6.57,6.57,NaN,5.7,42.0,0.57,
6.58,6.58,NaN,5.8,42.0,0.58,0.58,6.58,6.58,NaN,5.8,42.0,0.58,0.58
6.59,6.59,NaN,5.9,42.0,0.59,0.59,6.59,6.59,NaN,5.9,42.0,0.59,0.59
6.6,6.6,NaN,6.0,42.0,0.6,,6.6,6.6,NaN,6.0,42.0,0.6,
6.61,6.61,NaN,6.1,42.0,0.61,0.61,6.61,6.61,NaN,6.1,42.0,0.61,0.61
6.62,6.62,NaN,6.2,42.0,0.62,0.62,6.62,6.62,NaN,6.2,42.0,0.62,0.62
6.63,6.63,NaN,6.3,42.0,0.63,,6.63,6.63,NaN,6.3,42.0,0.63,
6.64,6.64,NaN,6.4,42.0,0.64,0.64,6.64,6.64,NaN,6.4,42.0,0.64,0.64
6.65,6.65,NaN,6.5,42.0,0.65,0.65,6.65,6.65,NaN,6.5,42.0,0.65,0.65
6.66,6.66,NaN,6.6,42.0,0.66,,6.66,6.66,NaN,6.6,42.0,0.66,
6.67,6.67,NaN,6.7,42.0,0.67,0.67,6.67,6.67,NaN,6.7,42.0,0.67,0.67
6.68,6.68,NaN,6.8,42.0,0.68,0.68,6.68,6.68,NaN,6.8,42.0,0.68,0.68
6.69,6.69,NaN,6.9,42.0,0.69,,6.69,6.69,NaN,6.9,42.0,0.69,
6.7,6.7,NaN,7.0,42.0,0.7,0.7,6.7,6.7,NaN,7.0,42.0,0.7,0.7
6.71,6.71,NaN,7.1,42.0,0.71,0.71,6.71,6.71,NaN,7.1,42.0,0.71,0.71
6.72,6.72,NaN,7.2,42.0,0.72,,6.72,6.72,NaN,7.2,42.0,0.72,
6.73,6.73,NaN,7.3,42.0,0.73,0.73,6.73,6.73,NaN,7.3,42.0,0.73,0.73
6.74,6.74,NaN,7.4,42.0,0.74,0.74,6.74,6.74,NaN,7.4,42.0,0.74,0.74
6.75,6.75,NaN,7.5,42.0,0.75,,6.75,6.75,NaN,7.5,42.0,0.75,
6.76,6.76,NaN,7.6,42.0,0.76,0.76,6.76,6.76,NaN,7.6,42.0,0.76,0.76
6.77,6.77,NaN,7.7,42.0,0.77,0.77,6.77,6.77,NaN,7.7,42.0,0.77,0.77
6.78,6.78,NaN,7.8,42.0,0.78,,6.78,6.78,NaN,7.8,42.0,0.78,
6.79,6.79,NaN,7.9,42.0,0.79,0.79,6.79,6.79,NaN,7.9,42.0,0.79,0.79
6.8,6.8,NaN,8.0,42.0,0.8,0.8,6.8,6.8,NaN,8.0,42.0,0.8,0.8
6.81,6.81,NaN,8.1,42.0,0.81,,6.81,6.81,NaN,8.1,42.0,0.81,
6.82,6.82,NaN,8.2,42.0,0.82,0.82,6.82,6.82,NaN,8.2,42.0,0.82,0.82
6.83,6.83,NaN,8.3,42.0,0.83,0.83,6.83,6.83,NaN,8.3,42.0,0.83,0.83
6.84,6.84,NaN,8.4,42.0,0.84,,6.84,6.84,NaN,8.4,42.0,0.84,
6.85,6.85,NaN,8.5,42.0,0.85,0.85,6.85,6.85,NaN,8.5,42.0,0.85,0.85
6.86,6.86,NaN,8.6,42.0,0.86,0.86,6.86,6.86,NaN,8.6,42.0,0.86,0.86
6.87,6.87,NaN,8.7,42.0,0.87,,6.87,6.87,NaN,8.7,42.0,0.87,
6.88,6.88,NaN,8.8,42.0,0.88,0.88,6.88,6.88,NaN,8.8,42.0,0.88,0.88
6.89,6.89,NaN,8.9,42.0,0.89,0.89,6.89,6.89,NaN,8.9,42.0,0.89,0.89
6.9,6.9,NaN,9.0,42.0,0.9,,6.9,6.9,NaN,9.0,42.0,0.9,
6.91,6.91,NaN,9.1,42.0,0.91,0.91,6.91,6.91,NaN,9.1,42.0,0.91,0.91
6.92,6.92,NaN,9.2,42.0,0.92,0.92,6.92,6.92,NaN,9.2,42.0,0.92,0.92
6.93,6.93,NaN,9.3,42.0,0.93,,6.93,6.93,NaN,9.3,42.0,0.93,
6.94,6.94,NaN,9.4,42.0,0.94,0.94,6.94,6.94,NaN,9.4,42.0,0.94,0.94
6.95,6.95,NaN,9.5,42.0,0.95,0.95,6.95,6.95,NaN,9.5,42.0,0.95,0.95
6.96,6.96,NaN,9.6,42.0,0.96,,6.96,6.96,NaN,9.6,42.0,0.96,
6.97,6.97,NaN,9.7,42.0,0.97,0.97,6.97,6.97,NaN,9.7,42.0,0.97,0.97
6.98,6.98,NaN,9.8,42.0,0.98,0.98,6.98,6.98,NaN,9.8,42.0,0.98,0.98
6.99,6.99,NaN,9.9,42.0,0.99,,6.99,6.99,NaN,9.9,42.0,0.99,
7.0,7.0,NaN,0.0,42.0,0.0,0.0,7.0,7.0,NaN,0.0,42.0,0.0,0.0
7.01,7.01,NaN,0.1,42.0,0.01,0.01,7.01,7.01,NaN,0.1,42.0,0.01,0.01
7.02,7.02,NaN,0.2,42.0,0.02,,7.02,7.02,NaN,0.2,42.0,0.02,
7.03,7.03,NaN,0.3,42.0,0.03,0.03,7.03,7.03,NaN,0.3,42.0,0.03,0.03
7.04,7.04,NaN,0.4,42.0,0.04,0.04,7.04,7.04,NaN,0.4,42.0,0.04,0.04
7.05,7.05,NaN,0.5,42.0,0.05,,7.05,7.05,NaN,0.5,42.0,0.05,
7.06,7.06,NaN,0.6,42.0,0.06,0.06,7.06,7.06,NaN,0.6,42.0,0.06,0.06
7.07,7.07,NaN,0.7,42.0,0.07,0.07,7.07,7.07,NaN,0.7,42.0,0.07,0.07
7.08,7.08,NaN,0.8,42.0,0.08,,7.08,7.08,NaN,0.8,42.0,0.08,
7.09,7.09,NaN,0.9,42.0,0.09,0.09,7.09,7.09,NaN,0.9,42.0,0.09,0.09
7.1,7.1,NaN,1.0,42.0,0.1,0.1,7.1,7.1,NaN,1.0,42.0,0.1,0.1
7.11,7.11,NaN,1.1,42.0,0.11,,7.11,7.11,NaN,1.1,42.0,0.11,
7.12,7.12,NaN,1.2,42.0,0.12,0.12,7.12,7.12,NaN,1.2,42.0,0.12,0.12
7.13,7.13,NaN,1.3,42.0,0.13,0.13,7.13,7.13,NaN,1.3,42.0,0.13,0.13
7.14,7.14,NaN,1.4,42.0,0.14,,7.14,7.14,NaN,1.4,42.0,0.14,
7.15,7.15,NaN,1.5,42.0,0.15,0.15,7.15,7.15,NaN,1.5,42.0,0.15,0.15
7.16,7.16,NaN,1.6,42.0,0.16,0.16,7.16,7.16,NaN,1.6,42.0,0.16,0.16
7.17,7.17,NaN,1.7,42.0,0.17,,7.17,7.17,NaN,1.7,42.0,0.17,
7.18,7.18,NaN,1.8,42.0,0.18,0.18,7.18,7.18,NaN,1.8,42.0,0.18,0.18
7.19,7.19,NaN,1.9,42.0,0.19,0.19,7.19,7.19,NaN,1.9,42.0,0.19,0.19
7.2,7.2,NaN,2.0,42.0,0.2,,7.2,7.2,NaN,2.0,42.0,0.2,
7.21,7.21,NaN,2.1,42.0,0.21,0.21,7.21,7.21,NaN,2.1,42.0,0.21,0.21
7.22,7.22,NaN,2.2,42.0,0.22,0.22,7.22,7.22,NaN,2.2,42.0,0.22,0.22
7.23,7.23,NaN,2.3,42.0,0.23,,7.23,7.23,NaN,2.3,42.0,0.23,
7.24,7.24,NaN,2.4,42.0,0.24,0.24,7.24,7.24,NaN,2.4,42.0,0.24,0.24
7.25,7.25,NaN,2.5,42.0,0.25,0.25,7.25,7.25,NaN,2.5,42.0,0.25,0.25
7.26,7.26,NaN,2.6,42.0,0.26,,7.26,7.26,NaN,2.6,42.0,0.26,
7.27,7.27,NaN,2.7,42.0,0.27,0.27,7.27,7.27,NaN,2.7,42.0,0.27,0.27
7.28,7.28,NaN,2.8,42.0,0.28,0.28,7.28,7.28,NaN,2.8,42.0,0.28,0.28
7.29,7.29,NaN,2.9,42.0,0.29,,7.29,7.29,NaN,2.9,42.0,0.29,
7.3,7.3,NaN,3.0,42.0,0.3,0.3,7.3,7.3,NaN,3.0,42.0,0.3,0.3
7.31,7.31,NaN,3.1,42.0,0.31,0.31,7.31,7.31,NaN,3.1,42.0,0.31,0.31
7.32,7.32,NaN,3.2,42.0,0.32,,7.32,7.32,NaN,3.2,42.0,0.32,
7.33,7.33,NaN,3.3,42.0,0.33,0.33,7.33,7.33,NaN,3.3,42.0,0.33,0.33
7.34,7.34,NaN,3.4,42.0,0.34,0.34,7.34,7.34,NaN,3.4,42.0,0.34,0.34
7.35,7.35,NaN,3.5,42.0,0.35,,7.35,7.35,NaN,3.5,42.0,0.35,
7.36,7.36,NaN,3.6,42.0,0.36,0.36,7.36,7.36,NaN,3.6,42.0,0.36,0.36
7.37,7.37,NaN,3.7,42.0,0.37,0.37,7.37,7.37,NaN,3.7,42.0,0.37,0.37
7.38,7.38,NaN,3.8,42.0,0.38,,7.38,7.38,NaN,3.8,42.0,0.38,
7.39,7.39,NaN,3.9,42.0,0.39,0.39,7.39,7.39,NaN,3.9,42.0,0.39,0.39
7.4,7.4,NaN,4.0,42.0,0.4,0.4,7.4,7.4,NaN,4.0,42.0,0.4,0.4
7.41,7.41,NaN,4.1,42.0,0.41,,7.41,7.41,NaN,4.1,42.0,0.41,
7.42,7.42,NaN,4.2,42.0,0.42,0.42,7.42,7.42,NaN,4.2,42.0,0.42,0.42
7.43,7.43,NaN,4.3,42.0,0.43,0.43,7.43,7.43,NaN,4.3,42.0,0.43,0.43
7.44,7.44,NaN,4.4,42.0,0.44,,7.44,7.44,NaN,4.4,42.0,0.44,
7.45,7.45,NaN,4.5,42.0,0.45,0.45,7.45,7.45,NaN,4.5,42.0,0.45,0.45
7.46,7.46,NaN,4.6,42.0,0.46,0.46,7.46,7.46,NaN,4.6,42.0,0.46,0.46
7.47,7.47,NaN,4.7,42.0,0.47,,7.47,7.47,NaN,4.7,42.0,0.47,
7.48,7.48,NaN,4.8,42.0,0.48,0.48,7.48,7.48,NaN,4.8,42.0,0.48,0.48
7.49,7.49,NaN,4.9,42.0,0.49,0.49,7.49,7.49,NaN,4.9,42.0,0.49,0.49
7.5,7.5,NaN,5.0,42.0,0.5,,7.5,7.5,NaN,5.0,42.0,0.5,
7.51,7.51,NaN,5.1,42.0,0.51,0.51,7.51,7.51,NaN,5.1,42.0,0.51,0.51
7.52,7.52,NaN,5.2,42.0,0.52,0.52,7.52,7.52,NaN,5.2,42.0,0.52,0.52
7.53,7.53,NaN,5.3,42.0,0.53,,7.53,7.53,NaN,5.3,42.0,0.53,
7.54,7.54,NaN,5.4,42.0,0.54,0.54,7.54,7.54,NaN,5.4,42.0,0.54,0.54
7.55,7.55,NaN,5.5,42.0,0.55,0.55,7.55,7.55,NaN,5.5,42.0,0.55,0.55
7.56,7.56,NaN,5.6,42.0,0.56,,7.56,7.56,NaN,5.6,42.0,0.56,
7.57,7.57,NaN,5.7,42.0,0.57,0.57,7.57,7.57,NaN,5.7,42.0,0.57,0.57
7.58,7.58,NaN,5.8,42.0,0.58,0.58,7.58,7.58,NaN,5.8,42.0,0.58,0.58
7.59,7.59,NaN,5.9,42.0,0.59,,7.59,7.59,NaN,5.9,42.0,0.59,
7.6,7.6,NaN,6.0,42.0,0.6,0.6,7.6,7.6,NaN,6.0,42.0,0.6,0.6
7.61,7.61,NaN,6.1,42.0,0.61,0.61,7.61,7.61,NaN,6.1,42.0,0.61,0.61
7.62,7.62,NaN,6.2,42.0,0.62,,7.62,7.62,NaN,6.2,42.0,0.62,
7.63,7.63,NaN,6.3,42.0,0.63,0.63,7.63,7.63,NaN,6.3,42.0,0.63,0.63
7.64,7.64,NaN,6.4,42.0,0.64,0.64,7.64,7.64,NaN,6.4,42.0,0.64,0.64
7.65,7.65,NaN,6.5,42.0,0.65,,7.65,7.65,NaN,6.5,42.0,0.65,
7.66,7.66,NaN,6.6,42.0,0.66,0.66,7.66,7.66,NaN,6.6,42.0,0.66,0.66
7.67,7.67,NaN,6.7,42.0,0.67,0.67,7.67,7.67,NaN,6.7,42.0,0.67,0.67
7.68,7.68,NaN,6.8,42.0,0.68,,7.68,7.68,NaN,6.8,42.0,0.68,
7.69,7.69,NaN,6.9,42.0,0.69,0.69,7.69,7.69,NaN,6.9,42.0,0.69,0.69
7.7,7.7,NaN,7.0,42.0,0.7,0.7,7.7,7.7,NaN,7.0,42.0,0.7,0.7
7.71,7.71,NaN,7.1,42.0,0.71,,7.71,7.71,NaN,7.1,42.0,0.71,
7.72,7.72,NaN,7.2,42.0,0.72,0.72,7.72,7.72,NaN,7.2,42.0,0.72,0.72
7.73,7.73,NaN,7.3,42.0,0.73,0.73,7.73,7.73,NaN,7.3,42.0,0.73,0.73
7.74,7.74,NaN,7.4,42.0,0.74,,7.74,7.74,NaN,7.4,42.0,0.74,
7.75,7.75,NaN,7.5,42.0,0.75,0.75,7.75,7.75,NaN,7.5,42.0,0.75,0.75
7.76,7.76,NaN,7.6,42.0,0.76,0.76,7.76,7.76,NaN,7.6,42.0,0.76,0.76
7.77,7.77,NaN,7.7,42.0,0.77,,7.77,7.77,NaN,7.7,42.0,0.77,
7.78,7.78,NaN,7.8,42.0,0.78,0.78,7.78,7.78,NaN,7.8,42.0,0.78,0.78
7.79,7.79,NaN,7.9,42.0,0.79,0.79,7.79,7.79,NaN,7.9,42.0,0.79,0.79
7.8,7.8,NaN,8.0,42.0,0.8,,7.8,7.8,NaN,8.0,42.0,0.8,
7.81,7.81,NaN,8.1,42.0,0.81,0.81,7.81,7.81,NaN,8.1,42.0,0.81,0.81
7.82,7.82,NaN,8.2,42.0,0.82,0.82,7.82,7.82,NaN,8.2,42.0,0.82,0.82
7.83,7.83,NaN,8.3,42.0,0.83,,7.83,7.83,NaN,8.3,42.0,0.83,
7.84,7.84,NaN,8.4,42.0,0.84,0.84,7.84,7.84,NaN,8.4,42.0,0.84,0.84
7.85,7.85,NaN,8.5,42.0,0.85,0.85,7.85,7.85,NaN,8.5,42.0,0.85,0.85
7.86,7.86,NaN,8.6,42.0,0.86,,7.86,7.86,NaN,8.6,42.0,0.86,
7.87,7.87,NaN,8.7,42.0,0.87,0.87,7.87,7.87,NaN,8.7,42.0,0.87,0.87
7.88,7.88,NaN,8.8,42.0,0.88,0.88,7.88,7.88,NaN,8.8,42.0,0.88,0.88
7.89,7.89,NaN,8.9,42.0,0.89,,7.89,7.89,NaN,8.9,42.0,0.89,
7.9,7.9,NaN,9.0,42.0,0.9,0.9,7.9,7.9,NaN,9.0,42.0,0.9,0.9
7.91,7.91,NaN,9.1,42.0,0.91,0.91,7.91,7.91,NaN,9.1,42.0,0.91,0.91
7.92,7.92,NaN,9.2,42.0,0.92,,7.92,7.92,NaN,9.2,42.0,0.92,
7.93,7.93,NaN,9.3,42.0,0.93,0.93,7.93,7.93,NaN,9.3,42.0,0.93,0.93
7.94,7.94,NaN,9.4,42.0,0.94,0.94,7.94,7.94,NaN,9.4,42.0,0.94,0.94
7.95,7.95,NaN,9.5,42.0,0.95,,7.95,7.95,NaN,9.5,42.0,0.95,
7.96,7.96,NaN,9.6,42.0,0.96,0.96,7.96,7.96,NaN,9.6,42.0,0.96,0.96
7.97,7.97,NaN,9.7,42.0,0.97,0.97,7.97,7.97,NaN,9.7,42.0,0.97,0.97
7.98,7.98,NaN,9.8,42.0,0.98,,7.98,7.98,NaN,9.8,42.0,0.98,
7.99,7.99,NaN,9.9,42.0,0.99,0.99,7.99,7.99,NaN,9.9,42.0,0.99,0.99
8.0,8.0,NaN,0.0,42.0,0.0,0.0,8.0,8.0,NaN,0.0,42.0,0.0,0.0
8.01,8.01,NaN,0.1,42.0,0.01,,8.01,8.01,NaN,0.1,42.0,0.01,
8.02,8.02,NaN,0.2,42.0,0.02,0.02,8.02,8.02,NaN,0.2,42.0,0.02,0.02
8.03,8.03,NaN,0.3,42.0,0.03,0.03,8.03,8.03,NaN,0.3,42.0,0.03,0.03
8.04,8.04,NaN,0.4,42.0,0.04,,8.04,8.04,NaN,0.4,42.0,0.04,
8.05,8.05,NaN,0.5,42.0,0.05,0.05,8.05,8.05,NaN,0.5,42.0,0.05,0.05
8.06,8.06,NaN,0.6,42.0,0.06,0.06,8.06,8.06,NaN,0.6,42.0,0.06,0.06
8.07,8.07,NaN,0.7,42.0,0.07,,8.07,8.07,NaN,0.7,42.0,0.07,
8.08,8.08,NaN,0.8,42.0,0.08,0.08,8.08,8.08,NaN,0.8,42.0,0.08,0.08
8.09,8.09,NaN,0.9,42.0,0.09,0.09,8.09,8.09,NaN,0.9,42.0,0.09,0.09
8.1,8.1,NaN,1.0,42.0,0.1,,8.1,8.1,NaN,1.0,42.0,0.1,
8.11,8.11,NaN,1.1,42.0,0.11,0.11,8.11,8.11,NaN,1.1,42.0,0.11,0.11
8.12,8.12,NaN,1.2,42.0,0.12,0.12,8.12,8.12,NaN,1.2,42.0,0.12,0.12
8.13,8.13,NaN,1.3,42.0,0.13,,8.13,8.13,NaN,1.3,42.0,0.13,
8.14,8.14,NaN,1.4,42.0,0.14,0.14,8.14,8.14,NaN,1.4,42.0,0.14,0.14
8.15,8.15,NaN,1.5,42.0,0.15,0.15,8.15,8.15,NaN,1.5,42.0,0.15,0.15
8.16,8.16,NaN,1.6,42.0,0.16,,8.16,8.16,NaN,1.6,42.0,0.16,
8.17,8.17,NaN,1.7,42.0,0.17,0.17,8.17,8.17,NaN,1.7,42.0,0.17,0.17
8.18,8.18,NaN,1.8,42.0,0.18,0.18,8.18,8.18,NaN,1.8,42.0,0.18,0.18
8.19,8.19,NaN,1.9,42.0,0.19,,8.19,8.19,NaN,1.9,42.0,0.19,
8.2,8.2,NaN,2.0,42.0,0.2,0.2,8.2,8.2,NaN,2.0,42.0,0.2,0.2
8.21,8.21,NaN,2.1,42.0,0.21,0.21,8.21,8.21,NaN,2.1,42.0,0.21,0.21
8.22,8.22,NaN,2.2,42.0,0.22,,8.22,8.22,NaN,2.2,42.0,0.22,
8.23,8.23,NaN,2.3,42.0,0.23,0.23,8.23,8.23,NaN,2.3,42.0,0.23,0.23
8.24,8.24,NaN,2.4,42.0,0.24,0.24,8.24,8.24,NaN,2.4,42.0,0.24,0.24
8.25,8.25,NaN,2.5,42.0,0.25,,8.25,8.25,NaN,2.5,42.0,0.25,
8.26,8.26,NaN,2.6,42.0,0.26,0.26,8.26,8.26,NaN,2.6,42.0,0.26,0.26
8.27,8.27,NaN,2.7,42.0,0.27,0.27,8.27,8.27,NaN,2.7,42.0,0.27,0.27
8.28,8.28,NaN,2.8,42.0,0.28,,8.28,8.28,NaN,2.8,42.0,0.28,
8.29,8.29,NaN,2.9,42.0,0.29,0.29,8.29,8.29,NaN,2.9,42.0,0.29,0.29
8.3,8.3,NaN,3.0,42.0,0.3,0.3,8.3,8.3,NaN,3.0,42.0,0.3,0.3
8.31,8.31,NaN,3.1,42.0,0.31,,8.31,8.31,NaN,3.1,42.0,0.31,
8.32,8.32,NaN,3.2,42.0,0.32,0.32,8.32,8.32,NaN,3.2,42.0,0.32,0.32
8.33,8.33,NaN,3.3,42.0,0.33,0.33,8.33,8.33,NaN,3.3,42.0,0.33,0.33
8.34,8.34,NaN,3.4,42.0,0.34,,8.34,8.34,NaN,3.4,42.0,0.34,
8.35,8.35,NaN,3.5,42.0,0.35,0.35,8.35,8.35,NaN,3.5,42.0,0.35,0.35
8.36,8.36,NaN,3.6,42.0,0.36,0.36,8.36,8.36,NaN,3.6,42.0,0.36,0.36
8.37,8.37,NaN,3.7,42.0,0.37,,8.37,8.37,NaN,3.7,42.0,0.37,
8.38,8.38,NaN,3.8,42.0,0.38,0.38,8.38,8.38,NaN,3.8,42.0,0.38,0.38
8.39,8.39,NaN,3.9,42.0,0.39,0.39,8.39,8.39,NaN,3.9,42.0,0.39,0.39
8.4,8.4,NaN,4.0,42.0,0.4,,8.4,8.4,NaN,4.0,42.0,0.4,
8.41,8.41,NaN,4.1,42.0,0.41,0.41,8.41,8.41,NaN,4.1,42.0,0.41,0.41
8.42,8.42,NaN,4.2,42.0,0.42,0.42,8.42,8.42,NaN,4.2,42.0,0.42,0.42
8.43,8.43,NaN,4.3,42.0,0.43,,8.43,8.43,NaN,4.3,42.0,0.43,
8.44,8.44,NaN,4.4,42.0,0.44,0.44,8.44,8.44,NaN,4.4,42.0,0.44,0.44
8.45,8.45,NaN,4.5,42.0,0.45,0.45,8.45,8.45,NaN,4.5,42.0,0.45,0.45
8.46,8.46,NaN,4.6,42.0,0.46,,8.46,8.46,NaN,4.6,42.0,0.46,
8.47,8.47,NaN,4.7,42.0,0.47,0.47,8.47,8.47,NaN,4.7,42.0,0.47,0.47
8.48,8.48,NaN,4.8,42.0,0.48,0.48,8.48,8.48,NaN,4.8,42.0,0.48,0.48
8.49,8.49,NaN,4.9,42.0,0.49,,8.49,8.49,NaN,4.9,42.0,0.49,
8.5,8.5,NaN,5.0,42.0,0.5,0.5,8.5,8.5,NaN,5.0,42.0,0.5,0.5
8.51,8.51,NaN,5.1,42.0,0.51,0.51,8.51,8.51,NaN,5.1,42.0,0.51,0.51
8.52,8.52,NaN,5.2,42.0,0.52,,8.52,8.52,NaN,5.2,42.0,0.52,
8.53,8.53,NaN,5.3,42.0,0.53,0.53,8.53,8.53,NaN,5.3,42.0,0.53,0.53
8.54,8.54,NaN,5.4,42.0,0.54,0.54,8.54,8.54,NaN,5.4,42.0,0.54,0.54
8.55,8.55,NaN,5.5,42.0,0.55,,8.55,8.55,NaN,5.5,42.0,0.55,
8.56,8.56,NaN,5.6,42.0,0.56,0.56,8.56,8.56,NaN,5.6,42.0,0.56,0.56
8.57,8.57,NaN,5.7,42.0,0.57,0.57,8.57,8.57,NaN,5.7,42.0,0.57,0.57
8.58,8.58,NaN,5.8,42.0,0.58,,8.58,8.58,NaN,5.8,42.0,0.58,
8.59,8.59,NaN,5.9,42.0,0.59,0.59,8.59,8.59,NaN,5.9,42.0,0.59,0.59
8.6,8.6,NaN,6.0,42.0,0.6,0.6,8.6,8.6,NaN,6.0,42.0,0.6,0.6
8.61,8.61,NaN,6.1,42.0,0.61,,8.61,8.61,NaN,6.1,42.0,0.61,
8.62,8.62,NaN,6.2,42.0,0.62,0.62,8.62,8.62,NaN,6.2,42.0,0.62,0.62
8.63,8.63,NaN,6.3,42.0,0.63,0.63,8.63,8.63,NaN,6.3,42.0,0.63,0.63
8.64,8.64,NaN,6.4,42.0,0.64,,8.64,8.64,NaN,6.4,42.0,0.64,
8.65,8.65,NaN,6.5,42.0,0.65,0.65,8.65,8.65,NaN,6.5,42.0,0.65,0.65
8.66,8.66,NaN,6.6,42.0,0.66,0.66,8.66,8.66,NaN,6.6,42.0,0.66,0.66
8.67,8.67,NaN,6.7,42.0,0.67,,8.67,8.67,NaN,6.7,42.0,0.67,
8.68,8.68,NaN,6.8,42.0,0.68,0.68,8.68,8.68,NaN,6.8,42.0,0.68,0.68
8.69,8.69,NaN,6.9,42.0,0.69,0.69,8.69,8.69,NaN,6.9,42.0,0.69,0.69
8.7,8.7,NaN,7.0,42.0,0.7,,8.7,8.7,NaN,7.0,42.0,0.7,
8.71,8.71,NaN,7.1,42.0,0.71,0.71,8.71,8.71,NaN,7.1,42.0,0.71,0.71
8.72,8.72,NaN,7.2,42.0,0.72,0.72,8.72,8.72,NaN,7.2,42.0,0.72,0.72
8.73,8.73,NaN,7.3,42.0,0.73,,8.73,8.73,NaN,7.3,42.0,0.73,
8.74,8.74,NaN,7.4,42.0,0.74,0.74,8.74,8.74,NaN,7.4,42.0,0.74,0.74
8.75,8.75,NaN,7.5,42.0,0.75,0.75,8.75,8.75,NaN,7.5,42.0,0.75,0.75
8.76,8.76,NaN,7.6,42.0,0.76,,8.76,8.76,NaN,7.6,42.0,0.76,
8.77,8.77,NaN,7.7,42.0,0.77,0.77,8.77,8.77,NaN,7.7,42.0,0.77,0.77
8.78,8.78,NaN,7.8,42.0,0.78,0.78,8.78,8.78,NaN,7.8,42.0,0.78,0.78
8.79,8.79,NaN,7.9,42.0,0.79,,8.79,8.79,NaN,7.9,42.0,0.79,
8.8,8.8,NaN,8.0,42.0,0.8,0.8,8.8,8.8,NaN,8.0,42.0,0.8,0.8
8.81,8.81,NaN,8.1,42.0,0.81,0.81,8.81,8.81,NaN,8.1,42.0,0.81,0.81
8.82,8.82,NaN,8.2,42.0,0.82,,8.82,8.82,NaN,8.2,42.0,0.82,
8.83,8.83,NaN,8.3,42.0,0.83,0.83,8.83,8.83,NaN,8.3,42.0,0.83,0.83
8.84,8.84,NaN,8.4,42.0,0.84,0.84,8.84,8.84,NaN,8.4,42.0,0.84,0.84
8.85,8.85,NaN,8.5,42.0,0.85,,8.85,8.85,NaN,8.5,42.0,0.85,
8.86,8.86,NaN,8.6,42.0,0.86,0.86,8.86,8.86,NaN,8.6,42.0,0.86,0.86
8.87,8.87,NaN,8.7,42.0,0.87,0.87,8.87,8.87,NaN,8.7,42.0,0.87,0.87
8.88,8.88,NaN,8.8,42.0,0.88,,8.88,8.88,NaN,8.8,42.0,0.88,
8.89,8.89,NaN,8.9,42.0,0.89,0.89,8.89,8.89,NaN,8.9,42.0,0.89,0.89
8.9,8.9,NaN,9.0,42.0,0.9,0.9,8.9,8.9,NaN,9.0,42.0,0.9,0.9
8.91,8.91,NaN,9.1,42.0,0.91,,8.91,8.91,NaN,9.1,42.0,0.91,
8.92,8.92,NaN,9.2,42.0,0.92,0.92,8.92,8.92,NaN,9.2,42.0,0.92,0.92
8.93,8.93,NaN,9.3,42.0,0.93,0.93,8.93,8.93,NaN,9.3,42.0,0.93,0.93
8.94,8.94,NaN,9.4,42.0,0.94,,8.94,8.94,NaN,9.4,42.0,0.94,
8.95,8.95,NaN,9.5,42.0,0.95,0.95,8.95,8.95,NaN,9.5,42.0,0.95,0.95
8.96,8.96,NaN,9.6,42.0,0.96,0.96,8.96,8.96,NaN,9.6,42.0,0.96,0.96
8.97,8.97,NaN,9.7,42.0,0.97,,8.97,8.97,NaN,9.7,42.0,0.97,
8.98,8.98,NaN,9.8,42.0,0.98,0.98,8.98,8.98,NaN,9.8,42.0,0.98,0.98
8.99,8.99,NaN,9.9,42.0,0.99,0.99,8.99,8.99,NaN,9.9,42.0,0.99,0.99
9.0,9.0,NaN,0.0,42.0,0.0,,9.0,9.0,NaN,0.0,42.0,0.0,
9.01,9.01,NaN,0.1,42.0,0.01,0.01,9.01,9.01,NaN,0.1,42.0,0.01,0.01
9.02,9.02,NaN,0.2,42.0,0.02,0.02,9.02,9.02,NaN,0.2,42.0,0.02,0.02
9.03,9.03,NaN,0.3,42.0,0.03,,9.03,9.03,NaN,0.3,42.0,0.03,
9.04,9.04,NaN,0.4,42.0,0.04,0.04,9.04,9.04,NaN,0.4,42.0,0.04,0.04
9.05,9.05,NaN,0.5,42.0,0.05,0.05,9.05,9.05,NaN,0.5,42.0,0.05,0.05
9.06,9.06,NaN,0.6,42.0,0.06,,9.06,9.06,NaN,0.6,42.0,0.06,
9.07,9.07,NaN,0.7,42.0,0.07,0.07,9.07,9.07,NaN,0.7,42.0,0.07,0.07
9.08,9.08,NaN,0.8,42.0,0.08,0.08,9.08,9.08,NaN,0.8,42.0,0.08,0.08
9.09,9.09,NaN,0.9,42.0,0.09,,9.09,9.09,NaN,0.9,42.0,0.09,
9.1,9.1,NaN,1.0,42.0,0.1,0.1,9.1,9.1,NaN,1.0,42.0,0.1,0.1
9.11,9.11,NaN,1.1,42.0,0.11,0.11,9.11,9.11,NaN,1.1,42.0,0.11,0.11
9.12,9.12,NaN,1.2,42.0,0.12,,9.12,9.12,NaN,1.2,42.0,0.12,
9.13,9.13,NaN,1.3,42.0,0.13,0.13,9.13,9.13,NaN,1.3,42.0,0.13,0.13
9.14,9.14,NaN,1.4,42.0,0.14,0.14,9.14,9.14,NaN,1.4,42.0,0.14,0.14
9.15,9.15,NaN,1.5,42.0,0.15,,9.15,9.15,NaN,1.5,42.0,0.15,
9.16,9.16,NaN,1.6,42.0,0.16,0.16,9.16,9.16,NaN,1.6,42.0,0.16,0.16
9.17,9.17,NaN,1.7,42.0,0.17,0.17,9.17,9.17,NaN,1.7,42.0,0.17,0.17
9.18,9.18,NaN,1.8,42.0,0.18,,9.18,9.18,NaN,1.8,42.0,0.18,
9.19,9.19,NaN,1.9,42.0,0.19,0.19,9.19,9.19,NaN,1.9,42.0,0.19,0.19
9.2,9.2,NaN,2.0,42.0,0.2,0.2,9.2,9.2,NaN,2.0,42.0,0.2,0.2
9.21,9.21,NaN,2.1,42.0,0.21,,9.21,9.21,NaN,2.1,42.0,0.21,
9.22,9.22,NaN,2.2,42.0,0.22,0.22,9.22,9.22,NaN,2.2,42.0,0.22,0.22
9.23,9.23,NaN,2.3,42.0,0.23,0.23,9.23,9.23,NaN,2.3,42.0,0.23,0.23
9.24,9.24,NaN,2.4,42.0,0.24,,9.24,9.24,NaN,2.4,42.0,0.24,
9.25,9.25,NaN,2.5,42.0,0.25,0.25,9.25,9.25,NaN,2.5,42.0,0.25,0.25
9.26,9.26,NaN,2.6,42.0,0.26,0.26,9.26,9.26,NaN,2.6,42.0,0.26,0.26
9.27,9.27,NaN,2.7,42.0,0.27,,9.27,9.27,NaN,2.7,42.0,0.27,
9.28,9.28,NaN,2.8,42.0,0.28,0.28,9.28,9.28,NaN,2.8,42.0,0.28,0.28
9.29,9.29,NaN,2.9,42.0,0.29,0.29,9.29,9.29,NaN,2.9,42.0,0.29,0.29
9.3,9.3,NaN,3.0,42.0,0.3,,9.3,9.3,NaN,3.0,42.0,0.3,
9.31,9.31,NaN,3.1,42.0,0.31,0.31,9.31,9.31,NaN,3.1,42.0,0.31,0.31
9.32,9.32,NaN,3.2,42.0,0.32,0.32,9.32,9.32,NaN,3.2,42.0,0.32,0.32
9.33,9.33,NaN,3.3,42.0,0.33,,9.33,9.33,NaN,3.3,42.0,0.33,
9.34,9.34,NaN,3.4,42.0,0.34,0.34,9.34,9.34,NaN,3.4,42.0,0.34,0.34
9.35,9.35,NaN,3.5,42.0,0.35,0.35,9.35,9.35,NaN,3.5,42.0,0.35,0.35
9.36,9.36,NaN,3.6,42.0,0.36,,9.36,9.36,NaN,3.6,42.0,0.36,
9.37,9.37,NaN,3.7,42.0,0.37,0.37,9.37,9.37,NaN,3.7,42.0,0.37,0.37
9.38,9.38,NaN,3.8,42.0,0.38,0.38,9.38,9.38,NaN,3.8,42.0,0.38,0.38
9.39,9.39,NaN,3.9,42.0,0.39,,9.39,9.39,NaN,3.9,42.0,0.39,
9.4,9.4,NaN,4.0,42.0,0.4,0.4,9.4,9.4,NaN,4.0,42.0,0.4,0.4
9.41,9.41,NaN,4.1,42.0,0.41,0.41,9.41,9.41,NaN,4.1,42.0,0.41,0.41
9.42,9.42,NaN,4.2,42.0,0.42,,9.42,9.42,NaN,4.2,42.0,0.42,
9.43,9.43,NaN,4.3,42.0,0.43,0.43,9.43,9.43,NaN,4.3,42.0,0.43,0.43
9.44,9.44,NaN,4.4,42.0,0.44,0.44,9.44,9.44,NaN,4.4,42.0,0.44,0.44
9.45,9.45,NaN,4.5,42.0,0.45,,9.45,9.45,NaN,4.5,42.0,0.45,
9.46,9.46,NaN,4.6,42.0,0.46,0.46,9.46,9.46,NaN,4.6,42.0,0.46,0.46
9.47,9.47,NaN,4.7,42.0,0.47,0.47,9.47,9.47,NaN,4.7,42.0,0.47,0.47
9.48,9.48,NaN,4.8,42.0,0.48,,9.48,9.48,NaN,4.8,42.0,0.48,
9.49,9.49,NaN,4.9,42.0,0.49,0.49,9.49,9.49,NaN,4.9,42.0,0.49,0.49
9.5,9.5,NaN,5.0,42.0,0.5,0.5,9.5,9.5,NaN,5.0,42.0,0.5,0.5
9.51,9.51,NaN,5.1,42.0,0.51,,9.51,9.51,NaN,5.1,42.0,0.51,
9.52,9.52,NaN,5.2,42.0,0.52,0.52,9.52,9.52,NaN,5.2,42.0,0.52,0.52
9.53,9.53,NaN,5.3,42.0,0.53,0.53,9.53,9.53,NaN,5.3,42.0,0.53,0.53
9.54,9.54,NaN,5.4,42.0,0.54,,9.54,9.54,NaN,5.4,42.0,0.54,
9.55,9.55,NaN,5.5,42.0,0.55,0.55,9.55,9.55,NaN,5.5,42.0,0.55,0.55
9.56,9.56,NaN,5.6,42.0,0.56,0.56,9.56,9.56,NaN,5.6,42.0,0.56,0.56
9.57,9.57,NaN,5.7,42.0,0.57,,9.57,9.57,NaN,5.7,42.0,0.57,
9.58,9.58,NaN,5.8,42.0,0.58,0.58,9.58,9.58,NaN,5.8,42.0,0.58,0.58
9.59,9.59,NaN,5.9,42.0,0.59,0.59,9.59,9.59,NaN,5.9,42.0,0.59,0.59
9.6,9.6,NaN,6.0,42.0,0.6,,9.6,9.6,NaN,6.0,42.0,0.6,
9.61,9.61,NaN,6.1,42.0,0.61,0.61,9.61,9.61,NaN,6.1,42.0,0.61,0.61
9.62,9.62,NaN,6.2,42.0,0.62,0.62,9.62,9.62,NaN,6.2,42.0,0.62,0.62
9.63,9.63,NaN,6.3,42.0,0.63,,9.63,9.63,NaN,6.3,42.0,0.63,
9.64,9.64,NaN,6.4,42.0,0.64,0.64,9.64,9.64,NaN,6.4,42.0,0.64,0.64
9.65,9.65,NaN,6.5,42.0,0.65,0.65,9.65,9.65,NaN,6.5,42.0,0.65,0.65
9.66,9.66,NaN,6.6,42.0,0.66,,9.66,9.66,NaN,6.6,42.0,0.66,
9.67,9.67,NaN,6.7,42.0,0.67,0.67,9.67,9.67,NaN,6.7,42.0,0.67,0.67
9.68,9.68,NaN,6.8,42.0,0.68,0.68,9.68,9.68,NaN,6.8,42.0,0.68,0.68
9.69,9.69,NaN,6.9,42.0,0.69,,9.69,9.69,NaN,6.9,42.0,0.69,
9.7,9.7,NaN,7.0,42.0,0.7,0.7,9.7,9.7,NaN,7.0,42.0,0.7,0.7
9.71,9.71,NaN,7.1,42.0,0.71,0.71,9.71,9.71,NaN,7.1,42.0,0.71,0.71
9.72,9.72,NaN,7.2,42.0,0.72,,9.72,9.72,NaN,7.2,42.0,0.72,
9.73,9.73,NaN,7.3,42.0,0.73,0.73,9.73,9.73,NaN,7.3,42.0,0.73,0.73
9.74,9.74,NaN,7.4,42.0,0.74,0.74,9.74,9.74,NaN,7.4,42.0,0.74,0.74
9.75,9.75,NaN,7.5,42.0,0.75,,9.75,9.75,NaN,7.5,42.0,0.75,
9.76,9.76,NaN,7.6,42.0,0.76,0.76,9.76,9.76,NaN,7.6,42.0,0.76,0.76
9.77,9.77,NaN,7.7,42.0,0.77,0.77,9.77,9.77,NaN,7.7,42.0,0.77,0.77
9.78,9.78,NaN,7.8,42.0,0.78,,9.78,9.78,NaN,7.8,42.0,0.78,
9.79,9.79,NaN,7.9,42.0,0.79,0.79,9.79,9.79,NaN,7.9,42.0,0.79,0.79
9.8,9.8,NaN,8.0,42.0,0.8,0.8,9.8,9.8,NaN,8.0,42.0,0.8,0.8
9.81,9.81,NaN,8.1,42.0,0.81,,9.81,9.81,NaN,8.1,42.0,0.81,
9.82,9.82,NaN,8.2,42.0,0.82,0.82,9.82,9.82,NaN,8.2,42.0,0.82,0.82
9.83,9.83,NaN,8.3,42.0,0.83,0.83,9.83,9.83,NaN,8.3,42.0,0.83,0.83
9.84,9.84,NaN,8.4,42.0,0.84,,9.84,9.84,NaN,8.4,42.0,0.84,
9.85,9.85,NaN,8.5,42.0,0.85,0.85,9.85,9.85,NaN,8.5,42.0,0.85,0.85
9.86,9.86,NaN,8.6,42.0,0.86,0.86,9.86,9.86,NaN,8.6,42.0,0.86,0.86
9.87,9.87,NaN,8.7,42.0,0.87,,9.87,9.87,NaN,8.7,42.0,0.87,
9.88,9.88,NaN,8.8,42.0,0.88,0.88,9.88,9.88,NaN,8.8,42.0,0.88,0.88
9.89,9.89,NaN,8.9,42.0,0.89,0.89,9.89,9.89,NaN,8.9,42.0,0.89,0.89
9.9,9.9,NaN,9.0,42.0,0.9,,9.9,9.9,NaN,9.0,42.0,0.9,
9.91,9.91,NaN,9.1,42.0,0.91,0.91,9.91,9.91,NaN,9.1,42.0,0.91,0.91
9.92,9.92,NaN,9.2,42.0,0.92,0.92,9.92,9.92,NaN,9.2,42.0,0.92,0.92
9.93,9.93,NaN,9.3,42.0,0.93,,9.93,9.93,NaN,9.3,42.0,0.93,
9.94,9.94,NaN,9.4,42.0,0.94,0.94,9.94,9.94,NaN,9.4,42.0,0.94,0.94
9.95,9.95,NaN,9.5,42.0,0.95,0.95,9.95,9.95,NaN,9.5,42.0,0.95,0.95
9.96,9.96,NaN,9.6,42.0,0.96,,9.96,9.96,NaN,9.6,42.0,0.96,
9.97,9.97,NaN,9.7,42.0,0.97,0.97,9.97,9.97,NaN,9.7,42.0,0.97,0.97
9.98,9.98,NaN,9.8,42.0,0.98,0.98,9.98,9.98,NaN,9.8,42.0,0.98,0.98
9.99,9.99,NaN,9.9,42.0,0.99,,9.99,9.99,NaN,9.9,42.0,0.99,
0.0,0.0,NaN,0.0,42.0,0.0,0.0,0.0,0.0,NaN,0.0,42.0,0.0,0.0
0.01,0.01,NaN,0.1,42.0,0.01,0.01,0.01,0.01,NaN,0.1,42.0,0.01,0.01
0.02,0.02,NaN,0.2,42.0,0.02,,0.02,0.02,NaN,0.2,42.0,0.02,
0.03,0.03,NaN,0.3,42.0,0.03,0.03,0.03,0.03,NaN,0.3,42.0,0.03,0.03
0.04,0.04,NaN,0.4,42.0,0.04,0.04,0.04,0.04,NaN,0.4,42.0,0.04,0.04
0.05,0.05,NaN,0.5,42.0,0.05,,0.05,0.05,NaN,0.5,42.0,0.05,
0.06,0.06,NaN,0.6,42.0,0.06,0.06,0.06,0.06,NaN,0.6,42.0,0.06,0.06
0.07,0.07,NaN,0.7,42.0,0.07,0.07,0.07,0.07,NaN,0.7,42.0,0.07,0.07
0.08,0.08,NaN,0.8,42.0,0.08,,0.08,0.08,NaN,0.8,42.0,0.08,
0.09,0.09,NaN,0.9,42.0,0.09,0.09,0.09,0.09,NaN,0.9,42.0,0.09,0.09
0.1,0.1,NaN,1.0,42.0,0.1,0.1,0.1,0.1,NaN,1.0,42.0,0.1,0.1
0.11,0.11,NaN,1.1,42.0,0.11,,0.11,0.11,NaN,1.1,42.0,0.11,
0.12,0.12,NaN,1.2,42.0,0.12,0.12,0.12,0.12,NaN,1.2,42.0,0.12,0.12
0.13,0.13,NaN,1.3,42.0,0.13,0.13,0.13,0.13,NaN,1.3,42.0,0.13,0.13
0.14,0.14,NaN,1.4,42.0,0.14,,0.14,0.14,NaN,1.4,42.0,0.14,
0.15,0.15,NaN,1.5,42.0,0.15,0.15,0.15,0.15,NaN,1.5,42.0,0.15,0.15
0.16,0.16,NaN,1.6,42.0,0.16,0.16,0.16,0.16,NaN,1.6,42.0,0.16,0.16
0.17,0.17,NaN,1.7,42.0,0.17,,0.17,0.17,NaN,1.7,42.0,0.17,
0.18,0.18,NaN,1.8,42.0,0.18,0.18,0.18,0.18,NaN,1.8,42.0,0.18,0.18
0.19,0.19,NaN,1.9,42.0,0.19,0.19,0.19,0.19,NaN,1.9,42.0,0.19,0.19
0.2,0.2,NaN,2.0,42.0,0.2,,0.2,0.2,NaN,2.0,42.0,0.2,
0.21,0.21,NaN,2.1,42.0,0.21,0.21,0.21,0.21,NaN,2.1,42.0,0.21,0.21
0.22,0.22,NaN,2.2,42.0,0.22,0.22,0.22,0.22,NaN,2.2,42.0,0.22,0.22
0.23,0.23,NaN,2.3,42.0,0.23,,0.23,0.23,NaN,2.3,42.0,0.23,
0.24,0.24,NaN,NaN,42.0,0.0,0.24,0.24,0.24,NaN,NaN,42.0,0.0,0.24
0.25,0.25,NaN,-0.0,42.0,0.001,0.25,0.25,0.25,NaN,-0.0,42.0,0.001,0.25
0.26,0.26,NaN,2.6,42.0,0.002,,0.26,0.26,NaN,2.6,42.0,0.002,
0.27,0.27,NaN,2.7,42.0,0.003,0.27,0.27,0.27,NaN,2.7,42.0,0.003,0.27
0.28,0.28,NaN,2.8,42.0,0.004,0.28,0.28,0.28,NaN,2.8,42.0,0.004,0.28
0.29,0.29,NaN,2.9,42.0,0.005,,0.29,0.29,NaN,2.9,42.0,0.005,
0.3,0.3,NaN,3.0,42.0,0.006,0.3,0.3,0.3,NaN,3.0,42.0,0.006,0.3
0.31,0.31,NaN,3.1,42.0,0.007,0.31,0.31,0.31,NaN,3.1,42.0,0.007,0.31
0.32,0.32,NaN,3.2,42.0,0.008,,0.32,0.32,NaN,3.2,42.0,0.008,
0.33,0.33,NaN,3.3,42.0,0.009,0.33,0.33,0.33,NaN,3.3,42.0,0.009,0.33
0.34,0.34,NaN,3.4,42.0,0.01,0.34,0.34,0.34,NaN,3.4,42.0,0.01,0.34
0.35,0.35,NaN,3.5,42.0,0.011,,0.35,0.35,NaN,3.5,42.0,0.011,
0.36,0.36,NaN,3.6,42.0,0.012,0.36,0.36,0.36,NaN,3.6,42.0,0.012,0.36
0.37,0.37,NaN,3.7,42.0,0.013,0.37,0.37,0.37,NaN,3.7,42.0,0.013,0.37
0.38,0.38,NaN,3.8,42.0,0.014,,0.38,0.38,NaN,3.8,42.0,0.014,
0.39,0.39,NaN,3.9,42.0,0.015,0.39,0.39,0.39,NaN,3.9,42.0,0.015,0.39
0.4,0.4,NaN,4.0,42.0,0.016,0.4,0.4,0.4,NaN,4.0,42.0,0.016,0.4
0.41,0.41,NaN,4.1,42.0,0.017,,0.41,0.41,NaN,4.1,42.0,0.017,
0.42,0.42,NaN,4.2,42.0,0.018,0.42,0.42,0.42,NaN,4.2,42.0,0.018,0.42
0.43,0.43,NaN,4.3,42.0,0.019,0.43,0.43,0.43,NaN,4.3,42.0,0.019,0.43
0.44,0.44,NaN,4.4,42.0,0.02,,0.44,0.44,NaN,4.4,42.0,0.02,
0.45,0.45,NaN,4.5,42.0,0.021,0.45,0.45,0.45,NaN,4.5,42.0,0.021,0.45
0.46,0.46,NaN,4.6,42.0,0.022,0.46,0.46,0.46,NaN,4.6,42.0,0.022,0.46
0.47,0.47,NaN,4.7,42.0,0.023,,0.47,0.47,NaN,4.7,42.0,0.023,
0.48,0.48,NaN,4.8,42.0,0.024,0.48,0.48,0.48,NaN,4.8,42.0,0.024,0.48
0.49,0.49,NaN,4.9,42.0,0.025,0.49,0.49,0.49,NaN,4.9,42.0,0.025,0.49
0.5,0.5,NaN,5.0,42.0,0.026,,0.5,0.5,NaN,5.0,42.0,0.026,
0.51,0.51,NaN,5.1,42.0,0.027,0.51,0.51,0.51,NaN,5.1,42.0,0.027,0.51
0.52,0.52,NaN,5.2,42.0,0.028,0.52,0.52,0.52,NaN,5.2,42.0,0.028,0.52
0.53,0.53,NaN,5.3,42.0,0.029,,0.53,0.53,NaN,5.3,42.0,0.029,
0.54,0.54,NaN,5.4,42.0,0.03,0.54,0.54,0.54,NaN,5.4,42.0,0.03,0.54
0.55,0.55,NaN,5.5,42.0,0.031,0.55,0.55,0.55,NaN,5.5,42.0,0.031,0.55
0.56,0.56,NaN,5.6,42.0,0.032,,0.56,0.56,NaN,5.6,42.0,0.032,
0.57,0.57,NaN,5.7,42.0,0.033,0.57,0.57,0.57,NaN,5.7,42.0,0.033,0.57
0.58,0.58,NaN,5.8,42.0,0.034,0.58,0.58,0.58,NaN,5.8,42.0,0.034,0.58
0.59,0.59,NaN,5.9,42.0,0.035,,0.59,0.59,NaN,5.9,42.0,0.035,
0.6,0.6,NaN,6.0,42.0,0.036,0.6,0.6,0.6,NaN,6.0,42.0,0.036,0.6
0.61,0.61,NaN,6.1,42.0,0.037,0.61,0.61,0.61,NaN,6.1,42.0,0.037,0.61
0.62,0.62,NaN,6.2,42.0,0.038,,0.62,0.62,NaN,6.2,42.0,0.038,
0.63,0.63,NaN,6.3,42.0,0.039,0.63,0.63,0.63,NaN,6.3,42.0,0.039,0.63
0.64,0.64,NaN,6.4,42.0,0.04,0.64,0.64,0.64,NaN,6.4,42.0,0.04,0.64
0.65,0.65,NaN,6.5,42.0,0.041,,0.65,0.65,NaN,6.5,42.0,0.041,
0.66,0.66,NaN,6.6,42.0,0.042,0.66,0.66,0.66,NaN,6.6,42.0,0.042,0.66
0.67,0.67,NaN,6.7,42.0,0.043,0.67,0.67,0.67,NaN,6.7,42.0,0.043,0.67
0.68,0.68,NaN,6.8,42.0,0.044,,0.68,0.68,NaN,6.8,42.0,0.044,
0.69,0.69,NaN,6.9,42.0,0.045,0.69,0.69,0.69,NaN,6.9,42.0,0.045,0.69
0.7,0.7,NaN,7.0,42.0,0.046,0.7,0.7,0.7,NaN,7.0,42.0,0.046,0.7
0.71,0.71,NaN,7.1,42.0,0.047,,0.71,0.71,NaN,7.1,42.0,0.047,
0.72,0.72,NaN,7.2,42.0,0.048,0.72,0.72,0.72,NaN,7.2,42.0,0.048,0.72
0.73,0.73,NaN,7.3,42.0,0.049,0.73,0.73,0.73,NaN,7.3,42.0,0.049,0.73
0.74,0.74,NaN,7.4,42.0,0.05,,0.74,0.74,NaN,7.4,42.0,0.05,
0.75,0.75,NaN,7.5,42.0,0.051,0.75,0.75,0.75,NaN,7.5,42.0,0.051,0.75
0.76,0.76,NaN,7.6,42.0,0.052,0.76,0.76,0.76,NaN,7.6,42.0,0.052,0.76
0.77,0.77,NaN,7.7,42.0,0.053,,0.77,0.77,NaN,7.7,42.0,0.053,
0.78,0.78,NaN,7.8,42.0,0.054,0.78,0.78,0.78,NaN,7.8,42.0,0.054,0.78
0.79,0.79,NaN,7.9,42.0,0.055,0.79,0.79,0.79,NaN,7.9,42.0,0.055,0.79
0.8,0.8,NaN,8.0,42.0,0.056,,0.8,0.8,NaN,8.0,42.0,0.056,
0.81,0.81,NaN,8.1,42.0,0.057,0.81,0.81,0.81,NaN,8.1,42.0,0.057,0.81
0.82,0.82,NaN,8.2,42.0,0.058,0.82,0.82,0.82,NaN,8.2,42.0,0.058,0.82
0.83,0.83,NaN,8.3,42.0,0.059,,0.83,0.83,NaN,8.3,42.0,0.059,
0.84,0.84,NaN,8.4,42.0,0.06,0.84,0.84,0.84,NaN,8.4,42.0,0.06,0.84
0.85,0.85,NaN,8.5,42.0,0.061,0.85,0.85,0.85,NaN,8.5,42.0,0.061,0.85
0.86,0.86,NaN,8.6,42.0,0.062,,0.86,0.86,NaN,8.6,42.0,0.062,
0.87,0.87,NaN,8.7,42.0,0.063,0.87,0.87,0.87,NaN,8.7,42.0,0.063,0.87
0.88,0.88,NaN,8.8,42.0,0.064,0.88,0.88,0.88,NaN,8.8,42.0,0.064,0.88
0.89,0.89,NaN,8.9,42.0,0.065,,0.89,0.89,NaN,8.9,42.0,0.065,
0.9,0.9,NaN,9.0,42.0,0.066,0.9,0.9,0.9,NaN,9.0,42.0,0.066,0.9
0.91,0.91,NaN,9.1,42.0,0.067,0.91,0.91,0.91,NaN,9.1,42.0,0.067,0.91
0.92,0.92,NaN,9.2,42.0,0.068,,0.92,0.92,NaN,9.2,42.0,0.068,
0.93,0.93,NaN,9.3,42.0,0.069,0.93,0.93,0.93,NaN,9.3,42.0,0.069,0.93
0.94,0.94,NaN,9.4,42.0,0.07,0.94,0.94,0.94,NaN,9.4,42.0,0.07,0.94
0.95,0.95,NaN,9.5,42.0,0.071,,0.95,0.95,NaN,9.5,42.0,0.071,
0.96,0.96,NaN,9.6,42.0,0.072,0.96,0.96,0.96,NaN,9.6,42.0,0.072,0.96
0.97,0.97,NaN,9.7,42.0,0.073,0.97,0.97,0.97,NaN,9.7,42.0,0.073,0.97
0.98,0.98,NaN,9.8,42.0,0.074,,0.98,0.98,NaN,9.8,42.0,0.074,
0.99,0.99,NaN,9.9,42.0,0.075,0.99,0.99,0.99,NaN,9.9,42.0,0.075,0.99
1.0,NaN,NaN,0.0,42.0,0.076,0.0,1.0,NaN,NaN,0.0,42.0,0.076,0.0
1.01,1.01,NaN,0.1,42.0,0.077,,1.01,1.01,NaN,0.1,42.0,0.077,
1.02,1.02,NaN,0.2,42.0,0.078,0.02,1.02,1.02,NaN,0.2,42.0,0.078,0.02
1.03,1.03,NaN,0.3,42.0,0.079,0.03,1.03,1.03,NaN,0.3,42.0,0.079,0.03
1.04,1.04,NaN,0.4,42.0,0.08,,1.04,1.04,NaN,0.4,42.0,0.08,
1.05,1.05,NaN,0.5,42.0,0.081,0.05,1.05,1.05,NaN,0.5,42.0,0.081,0.05
1.06,1.06,NaN,0.6,42.0,0.082,0.06,1.06,1.06,NaN,0.6,42.0,0.082,0.06
1.07,1.07,NaN,0.7,42.0,0.083,,1.07,1.07,NaN,0.7,42.0,0.083,
1.08,1.08,NaN,0.8,42.0,0.084,0.08,1.08,1.08,NaN,0.8,42.0,0.084,0.08
1.09,1.09,NaN,0.9,42.0,0.085,0.09,1.09,1.09,NaN,0.9,42.0,0.085,0.09
1.1,1.1,NaN,1.0,42.0,0.086,,1.1,1.1,NaN,1.0,42.0,0.086,
1.11,1.11,NaN,1.1,42.0,0.087,0.11,1.11,1.11,NaN,1.1,42.0,0.087,0.11
1.12,1.12,NaN,1.2,42.0,0.088,0.12,1.12,1.12,NaN,1.2,42.0,0.088,0.12
1.13,1.13,NaN,1.3,42.0,0.089,,1.13,1.13,NaN,1.3,42.0,0.089,
1.14,1.14,NaN,1.4,42.0,0.09,0.14,1.14,1.14,NaN,1.4,42.0,0.09,0.14
1.15,1.15,NaN,1.5,42.0,0.091,0.15,1.15,1.15,NaN,1.5,42.0,0.091,0.15
1.16,1.16,NaN,1.6,42.0,0.092,,1.16,1.16,NaN,1.6,42.0,0.092,
1.17,1.17,NaN,1.7,42.0,0.093,0.17,1.17,1.17,NaN,1.7,42.0,0.093,0.17
1.18,1.18,NaN,1.8,42.0,0.094,0.18,1.18,1.18,NaN,1.8,42.0,0.094,0.18
1.19,1.19,NaN,1.9,42.0,0.095,,1.19,1.19,NaN,1.9,42.0,0.095,
1.2,1.2,NaN,2.0,42.0,0.096,0.2,1.2,1.2,NaN,2.0,42.0,0.096,0.2
1.21,1.21,NaN,2.1,42.0,0.097,0.21,1.21,1.21,NaN,2.1,42.0,0.097,0.21
1.22,1.22,NaN,2.2,42.0,0.098,,1.22,1.22,NaN,2.2,42.0,0.098,
1.23,1.23,NaN,2.3,42.0,0.099,0.23,1.23,1.23,NaN,2.3,42.0,0.099,0.23
1.24,1.24,NaN,2.4,42.0,0.1,0.24,1.24,1.24,NaN,2.4,42.0,0.1,0.24
1.25,1.25,NaN,2.5,42.0,0.101,,1.25,1.25,NaN,2.5,42.0,0.101,
1.26,1.26,NaN,2.6,42.0,0.102,0.26,1.26,1.26,NaN,2.6,42.0,0.102,0.26
1.27,1.27,NaN,2.7,42.0,0.103,0.27,1.27,1.27,NaN,2.7,42.0,0.103,0.27
1.28,1.28,NaN,2.8,42.0,0.104,,1.28,1.28,NaN,2.8,42.0,0.104,
1.29,1.29,NaN,2.9,42.0,0.105,0.29,1.29,1.29,NaN,2.9,42.0,0.105,0.29
1.3,1.3,NaN,3.0,42.0,0.106,0.3,1.3,1.3,NaN,3.0,42.0,0.106,0.3
1.31,1.31,NaN,3.1,42.0,0.107,,1.31,1.31,NaN,3.1,42.0,0.107,
1.32,1.32,NaN,3.2,42.0,0.108,0.32,1.32,1.32,NaN,3.2,42.0,0.108,0.32
1.33,1.33,NaN,3.3,42.0,0.109,0.33,1.33,1.33,NaN,3.3,42.0,0.109,0.33
1.34,1.34,NaN,3.4,42.0,0.11,,1.34,1.34,NaN,3.4,42.0,0.11,
1.35,1.35,NaN,3.5,42.0,0.111,0.35,1.35,1.35,NaN,3.5,42.0,0.111,0.35
1.36,1.36,NaN,3.6,42.0,0.112,0.36,1.36,1.36,NaN,3.6,42.0,0.112,0.36
1.37,1.37,NaN,3.7,42.0,0.113,,1.37,1.37,NaN,3.7,42.0,0.113,
1.38,1.38,NaN,3.8,42.0,0.114,0.38,1.38,1.38,NaN,3.8,42.0,0.114,0.38
1.39,1.39,NaN,3.9,42.0,0.115,0.39,1.39,1.39,NaN,3.9,42.0,0.115,0.39
1.4,1.4,NaN,4.0,42.0,0.116,,1.4,1.4,NaN,4.0,42.0,0.116,
1.41,1.41,NaN,4.1,42.0,0.117,0.41,1.41,1.41,NaN,4.1,42.0,0.117,0.41
1.42,1.42,NaN,4.2,42.0,0.118,0.42,1.42,1.42,NaN,4.2,42.0,0.118,0.42
1.43,1.43,NaN,4.3,42.0,0.119,,1.43,1.43,NaN,4.3,42.0,0.119,
1.44,1.44,NaN,4.4,42.0,0.12,0.44,1.44,1.44,NaN,4.4,42.0,0.12,0.44
1.45,1.45,NaN,4.5,42.0,0.121,0.45,1.45,1.45,NaN,4.5,42.0,0.121,0.45
1.46,1.46,NaN,4.6,42.0,0.122,,1.46,1.46,NaN,4.6,42.0,0.122,
1.47,1.47,NaN,4.7,42.0,0.123,0.47,1.47,1.47,NaN,4.7,42.0,0.123,0.47
1.48,1.48,NaN,4.8,42.0,0.124,0.48,1.48,1.48,NaN,4.8,42.0,0.124,0.48
1.49,1.49,NaN,4.9,42.0,0.125,,1.49,1.49,NaN,4.9,42.0,0.125,
1.5,1.5,NaN,5.0,42.0,0.126,0.5,1.5,1.5,NaN,5.0,42.0,0.126,0.5
1.51,1.51,NaN,5.1,42.0,0.127,0.51,1.51,1.51,NaN,5.1,42.0,0.127,0.51
1.52,1.52,NaN,5.2,42.0,0.128,,1.52,1.52,NaN,5.2,42.0,0.128,
1.53,1.53,NaN,5.3,42.0,0.129,0.53,1.53,1.53,NaN,5.3,42.0,0.129,0.53
1.54,1.54,NaN,5.4,42.0,0.13,0.54,1.54,1.54,NaN,5.4,42.0,0.13,0.54
1.55,1.55,NaN,5.5,42.0,0.131,,1.55,1.55,NaN,5.5,42.0,0.131,
1.56,1.56,NaN,5.6,42.0,0.132,0.56,1.56,1.56,NaN,5.6,42.0,0.132,0.56
1.57,1.57,NaN,5.7,42.0,0.133,0.57,1.57,1.57,NaN,5.7,42.0,0.133,0.57
1.58,1.58,NaN,5.8,42.0,0.134,,1.58,1.58,NaN,5.8,42.0,0.134,
1.59,1.59,NaN,5.9,42.0,0.135,0.59,1.59,1.59,NaN,5.9,42.0,0.135,0.59
1.6,1.6,NaN,6.0,42.0,0.136,0.6,1.6,1.6,NaN,6.0,42.0,0.136,0.6
1.61,1.61,NaN,6.1,42.0,0.137,,1.61,1.61,NaN,6.1,42.0,0.137,
1.62,1.62,NaN,6.2,42.0,0.138,0.62,1.62,1.62,NaN,6.2,42.0,0.138,0.62
1.63,1.63,NaN,6.3,42.0,0.139,0.63,1.63,1.63,NaN,6.3,42.0,0.139,0.63
1.64,1.64,NaN,6.4,42.0,0.14,,1.64,1.64,NaN,6.4,42.0,0.14,
1.65,1.65,NaN,6.5,42.0,0.141,0.65,1.65,1.65,NaN,6.5,42.0,0.141,0.65
1.66,1.66,NaN,6.6,42.0,0.142,0.66,1.66,1.66,NaN,6.6,42.0,0.142,0.66
1.67,1.67,NaN,6.7,42.0,0.143,,1.67,1.67,NaN,6.7,42.0,0.143,
1.68,1.68,NaN,6.8,42.0,0.144,0.68,1.68,1.68,NaN,6.8,42.0,0.144,0.68
1.69,1.69,NaN,6.9,42.0,0.145,0.69,1.69,1.69,NaN,6.9,42.0,0.145,0.69
1.7,1.7,NaN,7.0,42.0,0.146,,1.7,1.7,NaN,7.0,42.0,0.146,
1.71,1.71,NaN,7.1,42.0,0.147,0.71,1.71,1.71,NaN,7.1,42.0,0.147,0.71
1.72,1.72,NaN,7.2,42.0,0.148,0.72,1.72,1.72,NaN,7.2,42.0,0.148,0.72
1.73,1.73,NaN,7.3,42.0,0.149,,1.73,1.73,NaN,7.3,42.0,0.149,
1.74,1.74,NaN,7.4,42.0,0.15,0.74,1.74,1.74,NaN,7.4,42.0,0.15,0.74
1.75,1.75,NaN,7.5,42.0,0.151,0.75,1.75,1.75,NaN,7.5,42.0,0.151,0.75
1.76,1.76,NaN,7.6,42.0,0.152,,1.76,1.76,NaN,7.6,42.0,0.152,
1.77,1.77,NaN,7.7,42.0,0.153,0.77,1.77,1.77,NaN,7.7,42.0,0.153,0.77
1.78,1.78,NaN,7.8,42.0,0.154,0.78,1.78,1.78,NaN,7.8,42.0,0.154,0.78
1.79,1.79,NaN,7.9,42.0,0.155,,1.79,1.79,NaN,7.9,42.0,0.155,
1.8,1.8,NaN,8.0,42.0,0.156,0.8,1.8,1.8,NaN,8.0,42.0,0.156,0.8
1.81,1.81,NaN,8.1,42.0,0.157,0.81,1.81,1.81,NaN,8.1,42.0,0.157,0.81
1.82,1.82,NaN,8.2,42.0,0.158,,1.82,1.82,NaN,8.2,42.0,0.158,
1.83,1.83,NaN,8.3,42.0,0.159,0.83,1.83,1.83,NaN,8.3,42.0,0.159,0.83
1.84,1.84,NaN,8.4,42.0,0.16,0.84,1.84,1.84,NaN,8.4,42.0,0.16,0.84
1.85,1.85,NaN,8.5,42.0,0.161,,1.85,1.85,NaN,8.5,42.0,0.161,
1.86,1.86,NaN,8.6,42.0,0.162,0.86,1.86,1.86,NaN,8.6,42.0,0.162,0.86
1.87,1.87,NaN,8.7,42.0,0.163,0.87,1.87,1.87,NaN,8.7,42.0,0.163,0.87
1.88,1.88,NaN,8.8,42.0,0.164,,1.88,1.88,NaN,8.8,42.0,0.164,
1.89,1.89,NaN,8.9,42.0,0.165,0.89,1.89,1.89,NaN,8.9,42.0,0.165,0.89
1.9,1.9,NaN,9.0,42.0,0.166,0.9,1.9,1.9,NaN,9.0,42.0,0.166,0.9
1.91,1.91,NaN,9.1,42.0,0.167,,1.91,1.91,NaN,9.1,42.0,0.167,
1.92,1.92,NaN,9.2,42.0,0.168,0.92,1.92,1.92,NaN,9.2,42.0,0.168,0.92
1.93,1.93,NaN,9.3,42.0,0.169,0.93,1.93,1.93,NaN,9.3,42.0,0.169,0.93
1.94,1.94,NaN,9.4,42.0,0.17,,1.94,1.94,NaN,9.4,42.0,0.17,
1.95,1.95,NaN,9.5,42.0,0.171,0.95,1.95,1.95,NaN,9.5,42.0,0.171,0.95
1.96,1.96,NaN,9.6,42.0,0.172,0.96,1.96,1.96,NaN,9.6,42.0,0.172,0.96
1.97,1.97,NaN,9.7,42.0,0.173,,1.97,1.97,NaN,9.7,42.0,0.173,
1.98,1.98,NaN,9.8,42.0,0.174,0.98,1.98,1.98,NaN,9.8,42.0,0.174,0.98
1.99,1.99,NaN,9.9,42.0,0.175,0.99,1.99,1.99,NaN,9.9,42.0,0.175,0.99
2.0,2.0,NaN,0.0,42.0,0.176,,2.0,2.0,NaN,0.0,42.0,0.176,
2.01,2.01,NaN,0.1,42.0,0.177,0.01,2.01,2.01,NaN,0.1,42.0,0.177,0.01
2.02,2.02,NaN,0.2,42.0,0.178,0.02,2.02,2.02,NaN,0.2,42.0,0.178,0.02
2.03,2.03,NaN,0.3,42.0,0.179,,2.03,2.03,NaN,0.3,42.0,0.179,
2.04,2.04,NaN,0.4,42.0,0.18,0.04,2.04,2.04,NaN,0.4,42.0,0.18,0.04
2.05,2.05,NaN,0.5,42.0,0.181,0.05,2.05,2.05,NaN,0.5,42.0,0.181,0.05
2.06,2.06,NaN,0.6,42.0,0.182,,2.06,2.06,NaN,0.6,42.0,0.182,
2.07,2.07,NaN,0.7,42.0,0.183,0.07,2.07,2.07,NaN,0.7,42.0,0.183,0.07
2.08,2.08,NaN,0.8,42.0,0.184,0.08,2.08,2.08,NaN,0.8,42.0,0.184,0.08
2.09,2.09,NaN,0.9,42.0,0.185,,2.09,2.09,NaN,0.9,42.0,0.185,
2.1,2.1,NaN,1.0,42.0,0.186,0.1,2.1,2.1,NaN,1.0,42.0,0.186,0.1
2.11,2.11,NaN,1.1,42.0,0.187,0.11,2.11,2.11,NaN,1.1,42.0,0.187,0.11
2.12,2.12,NaN,1.2,42.0,0.188,,2.12,2.12,NaN,1.2,42.0,0.188,
2.13,2.13,NaN,1.3,42.0,0.189,0.13,2.13,2.13,NaN,1.3,42.0,0.189,0.13
2.14,2.14,NaN,1.4,42.0,0.19,0.14,2.14,2.14,NaN,1.4,42.0,0.19,0.14
2.15,2.15,NaN,1.5,42.0,0.191,,2.15,2.15,NaN,1.5,42.0,0.191,
2.16,2.16,NaN,1.6,42.0,0.192,0.16,2.16,2.16,NaN,1.6,42.0,0.192,0.16
2.17,2.17,NaN,1.7,42.0,0.193,0.17,2.17,2.17,NaN,1.7,42.0,0.193,0.17
2.18,2.18,NaN,1.8,42.0,0.194,,2.18,2.18,NaN,1.8,42.0,0.194,
2.19,2.19,NaN,1.9,42.0,0.195,0.19,2.19,2.19,NaN,1.9,42.0,0.195,0.19
2.2,2.2,NaN,2.0,42.0,0.196,0.2,2.2,2.2,NaN,2.0,42.0,0.196,0.2
2.21,2.21,NaN,2.1,42.0,0.197,,2.21,2.21,NaN,2.1,42.0,0.197,
2.22,2.22,NaN,2.2,42.0,0.198,0.22,2.22,2.22,NaN,2.2,42.0,0.198,0.22
2.23,2.23,NaN,2.3,42.0,0.199,0.23,2.23,2.23,NaN,2.3,42.0,0.199,0.23
2.24,2.24,NaN,2.4,42.0,0.2,,2.24,2.24,NaN,2.4,42.0,0.2,
2.25,2.25,NaN,2.5,42.0,0.201,0.25,2.25,2.25,NaN,2.5,42.0,0.201,0.25
2.26,2.26,NaN,2.6,42.0,0.202,0.26,2.26,2.26,NaN,2.6,42.0,0.202,0.26
2.27,2.27,NaN,2.7,42.0,0.203,,2.27,2.27,NaN,2.7,42.0,0.203,
2.28,2.28,NaN,2.8,42.0,0.204,0.28,2.28,2.28,NaN,2.8,42.0,0.204,0.28
2.29,2.29,NaN,2.9,42.0,0.205,0.29,2.29,2.29,NaN,2.9,42.0,0.205,0.29
2.3,2.3,NaN,3.0,42.0,0.206,,2.3,2.3,NaN,3.0,42.0,0.206,
2.31,2.31,NaN,3.1,42.0,0.207,0.31,2.31,2.31,NaN,3.1,42.0,0.207,0.31
2.32,2.32,NaN,3.2,42.0,0.208,0.32,2.32,2.32,NaN,3.2,42.0,0.208,0.32
2.33,2.33,NaN,3.3,42.0,0.209,,2.33,2.33,NaN,3.3,42.0,0.209,
2.34,2.34,NaN,3.4,42.0,0.21,0.34,2.34,2.34,NaN,3.4,42.0,0.21,0.34
2.35,2.35,NaN,3.5,42.0,0.211,0.35,2.35,2.35,NaN,3.5,42.0,0.211,0.35
2.36,2.36,NaN,3.6,42.0,0.212,,2.36,2.36,NaN,3.6,42.0,0.212,
2.37,2.37,NaN,3.7,42.0,0.213,0.37,2.37,2.37,NaN,3.7,42.0,0.213,0.37
2.38,2.38,NaN,3.8,42.0,0.214,0.38,2.38,2.38,NaN,3.8,42.0,0.214,0.38
2.39,2.39,NaN,3.9,42.0,0.215,,2.39,2.39,NaN,3.9,42.0,0.215,
2.4,2.4,NaN,4.0,42.0,0.216,0.4,2.4,2.4,NaN,4.0,42.0,0.216,0.4
2.41,2.41,NaN,4.1,42.0,0.217,0.41,2.41,2.41,NaN,4.1,42.0,0.217,0.41
2.42,2.42,NaN,4.2,42.0,0.218,,2.42,2.42,NaN,4.2,42.0,0.218,
2.43,2.43,NaN,4.3,42.0,0.219,0.43,2.43,2.43,NaN,4.3,42.0,0.219,0.43
2.44,2.44,NaN,4.4,42.0,0.22,0.44,2.44,2.44,NaN,4.4,42.0,0.22,0.44
2.45,2.45,NaN,4.5,42.0,0.221,,2.45,2.45,NaN,4.5,42.0,0.221,
2.46,2.46,NaN,4.6,42.0,0.222,0.46,2.46,2.46,NaN,4.6,42.0,0.222,0.46
2.47,2.47,NaN,4.7,42.0,0.223,0.47,2.47,2.47,NaN,4.7,42.0,0.223,0.47
2.48,2.48,NaN,4.8,42.0,0.224,,2.48,2.48,NaN,4.8,42.0,0.224,
2.49,2.49,NaN,4.9,42.0,0.225,0.49,2.49,2.49,NaN,4.9,42.0,0.225,0.49
2.5,2.5,NaN,5.0,42.0,0.226,0.5,2.5,2.5,NaN,5.0,42.0,0.226,0.5
2.51,2.51,NaN,5.1,42.0,0.227,,2.51,2.51,NaN,5.1,42.0,0.227,
2.52,2.52,NaN,5.2,42.0,0.228,0.52,2.52,2.52,NaN,5.2,42.0,0.228,0.52
2.53,2.53,NaN,5.3,42.0,0.229,0.53,2.53,2.53,NaN,5.3,42.0,0.229,0.53
2.54,2.54,NaN,5.4,42.0,0.23,,2.54,2.54,NaN,5.4,42.0,0.23,
2.55,2.55,NaN,5.5,42.0,0.231,0.55,2.55,2.55,NaN,5.5,42.0,0.231,0.55
2.56,2.56,NaN,5.6,42.0,0.232,0.56,2.56,2.56,NaN,5.6,42.0,0.232,0.56
2.57,2.57,NaN,5.7,42.0,0.233,,2.57,2.57,NaN,5.7,42.0,0.233,
2.58,2.58,NaN,5.8,42.0,0.234,0.58,2.58,2.58,NaN,5.8,42.0,0.234,0.58
2.59,2.59,NaN,5.9,42.0,0.235,0.59,2.59,2.59,NaN,5.9,42.0,0.235,0.59
2.6,2.6,NaN,6.0,42.0,0.236,,2.6,2.6,NaN,6.0,42.0,0.236,
2.61,2.61,NaN,6.1,42.0,0.237,0.61,2.61,2.61,NaN,6.1,42.0,0.237,0.61
2.62,2.62,NaN,6.2,42.0,0.238,0.62,2.62,2.62,NaN,6.2,42.0,0.238,0.62
2.63,2.63,NaN,6.3,42.0,0.239,,2.63,2.63,NaN,6.3,42.0,0.239,
2.64,2.64,NaN,6.4,42.0,0.24,0.64,2.64,2.64,NaN,6.4,42.0,0.24,0.64
2.65,2.65,NaN,6.5,42.0,0.241,0.65,2.65,2.65,NaN,6.5,42.0,0.241,0.65
2.66,2.66,NaN,6.6,42.0,0.242,,2.66,2.66,NaN,6.6,42.0,0.242,
2.67,2.67,NaN,6.7,42.0,0.243,0.67,2.67,2.67,NaN,6.7,42.0,0.243,0.67
2.68,2.68,NaN,6.8,42.0,0.244,0.68,2.68,2.68,NaN,6.8,42.0,0.244,0.68
2.69,2.69,NaN,6.9,42.0,0.245,,2.69,2.69,NaN,6.9,42.0,0.245,
2.7,2.7,NaN,7.0,42.0,0.246,0.7,2.7,2.7,NaN,7.0,42.0,0.246,0.7
2.71,2.71,NaN,7.1,42.0,0.247,0.71,2.71,2.71,NaN,7.1,42.0,0.247,0.71
2.72,2.72,NaN,7.2,42.0,0.248,,2.72,2.72,NaN,7.2,42.0,0.248,
2.73,2.73,NaN,7.3,42.0,0.249,0.73,2.73,2.73,NaN,7.3,42.0,0.249,0.73
2.74,2.74,NaN,7.4,42.0,0.25,0.74,2.74,2.74,NaN,7.4,42.0,0.25,0.74
2.75,2.75,NaN,7.5,42.0,0.251,,2.75,2.75,NaN,7.5,42.0,0.251,
2.76,2.76,NaN,7.6,42.0,0.252,0.76,2.76,2.76,NaN,7.6,42.0,0.252,0.76
2.77,2.77,NaN,7.7,42.0,0.253,0.77,2.77,2.77,NaN,7.7,42.0,0.253,0.77
2.78,2.78,NaN,7.8,42.0,0.254,,2.78,2.78,NaN,7.8,42.0,0.254,
2.79,2.79,NaN,7.9,42.0,0.255,0.79,2.79,2.79,NaN,7.9,42.0,0.255,0.79
2.8,2.8,NaN,8.0,42.0,0.256,0.8,2.8,2.8,NaN,8.0,42.0,0.256,0.8
2.81,2.81,NaN,8.1,42.0,0.257,,2.81,2.81,NaN,8.1,42.0,0.257,
2.82,2.82,NaN,8.2,42.0,0.258,0.82,2.82,2.82,NaN,8.2,42.0,0.258,0.82
2.83,2.83,NaN,8.3,42.0,0.259,0.83,2.83,2.83,NaN,8.3,42.0,0.259,0.83
2.84,2.84,NaN,8.4,42.0,0.26,,2.84,2.84,NaN,8.4,42.0,0.26,
2.85,2.85,NaN,8.5,42.0,0.261,0.85,2.85,2.85,NaN,8.5,42.0,0.261,0.85
2.86,2.86,NaN,8.6,42.0,0.262,0.86,2.86,2.86,NaN,8.6,42.0,0.262,0.86
2.87,2.87,NaN,8.7,42.0,0.263,,2.87,2.87,NaN,8.7,42.0,0.263,
2.88,2.88,NaN,8.8,42.0,0.264,0.88,2.88,2.88,NaN,8.8,42.0,0.264,0.88
2.89,2.89,NaN,8.9,42.0,0.265,0.89,2.89,2.89,NaN,8.9,42.0,0.265,0.89
2.9,2.9,NaN,9.0,42.0,0.266,,2.9,2.9,NaN,9.0,42.0,0.266,
2.91,2.91,NaN,9.1,42.0,0.267,0.91,2.91,2.91,NaN,9.1,42.0,0.267,0.91
2.92,2.92,NaN,9.2,42.0,0.268,0.92,2.92,2.92,NaN,9.2,42.0,0.268,0.92
2.93,2.93,NaN,9.3,42.0,0.269,,2.93,2.93,NaN,9.3,42.0,0.269,
2.94,2.94,NaN,9.4,42.0,0.27,0.94,2.94,2.94,NaN,9.4,42.0,0.27,0.94
2.95,2.95,NaN,9.5,42.0,0.271,0.95,2.95,2.95,NaN,9.5,42.0,0.271,0.95
2.96,2.96,NaN,9.6,42.0,0.272,,2.96,2.96,NaN,9.6,42.0,0.272,
2.97,2.97,NaN,9.7,42.0,0.273,0.97,2.97,2.97,NaN,9.7,42.0,0.273,0.97
2.98,2.98,NaN,9.8,42.0,0.274,0.98,2.98,2.98,NaN,9.8,42.0,0.274,0.98
2.99,2.99,NaN,9.9,42.0,0.275,,2.99,2.99,NaN,9.9,42.0,0.275,
3.0,3.0,NaN,0.0,42.0,0.276,0.0,3.0,3.0,NaN,0.0,42.0,0.276,0.0
3.01,3.01,NaN,0.1,42.0,0.277,0.01,3.01,3.01,NaN,0.1,42.0,0.277,0.01
3.02,3.02,NaN,0.2,42.0,0.278,,3.02,3.02,NaN,0.2,42.0,0.278,
3.03,3.03,NaN,0.3,42.0,0.279,0.03,3.03,3.03,NaN,0.3,42.0,0.279,0.03
3.04,3.04,NaN,0.4,42.0,0.28,0.04,3.04,3.04,NaN,0.4,42.0,0.28,0.04
3.05,3.05,NaN,0.5,42.0,0.281,,3.05,3.05,NaN,0.5,42.0,0.281,
3.06,3.06,NaN,0.6,42.0,0.282,0.06,3.06,3.06,NaN,0.6,42.0,0.282,0.06
3.07,3.07,NaN,0.7,42.0,0.283,0.07,3.07,3.07,NaN,0.7,42.0,0.283,0.07
3.08,3.08,NaN,0.8,42.0,0.284,,3.08,3.08,NaN,0.8,42.0,0.284,
3.09,3.09,NaN,0.9,42.0,0.285,0.09,3.09,3.09,NaN,0.9,42.0,0.285,0.09
3.1,3.1,NaN,1.0,42.0,0.286,0.1,3.1,3.1,NaN,1.0,42.0,0.286,0.1
3.11,3.11,NaN,1.1,42.0,0.287,,3.11,3.11,NaN,1.1,42.0,0.287,
3.12,3.12,NaN,1.2,42.0,0.288,0.12,3.12,3.12,NaN,1.2,42.0,0.288,0.12
3.13,3.13,NaN,1.3,42.0,0.289,0.13,3.13,3.13,NaN,1.3,42.0,0.289,0.13
3.14,3.14,NaN,1.4,42.0,0.29,,3.14,3.14,NaN,1.4,42.0,0.29,
3.15,3.15,NaN,1.5,42.0,0.291,0.15,3.15,3.15,NaN,1.5,42.0,0.291,0.15
3.16,3.16,NaN,1.6,42.0,0.292,0.16,3.16,3.16,NaN,1.6,42.0,0.292,0.16
3.17,3.17,NaN,1.7,42.0,0.293,,3.17,3.17,NaN,1.7,42.0,0.293,
3.18,3.18,NaN,1.8,42.0,0.294,0.18,3.18,3.18,NaN,1.8,42.0,0.294,0.18
3.19,3.19,NaN,1.9,42.0,0.295,0.19,3.19,3.19,NaN,1.9,42.0,0.295,0.19
3.2,3.2,NaN,2.0,42.0,0.296,,3.2,3.2,NaN,2.0,42.0,0.296,
3.21,3.21,NaN,2.1,42.0,0.297,0.21,3.21,3.21,NaN,2.1,42.0,0.297,0.21
3.22,3.22,NaN,2.2,42.0,0.298,0.22,3.22,3.22,NaN,2.2,42.0,0.298,0.22
3.23,3.23,NaN,2.3,42.0,0.299,,3.23,3.23,NaN,2.3,42.0,0.299,
3.24,3.24,NaN,2.4,42.0,0.3,0.24,3.24,3.24,NaN,2.4,42.0,0.3,0.24
3.25,3.25,NaN,2.5,42.0,0.301,0.25,3.25,3.25,NaN,2.5,42.0,0.301,0.25
3.26,3.26,NaN,2.6,42.0,0.302,,3.26,3.26,NaN,2.6,42.0,0.302,
3.27,3.27,NaN,2.7,42.0,0.303,0.27,3.27,3.27,NaN,2.7,42.0,0.303,0.27
3.28,3.28,NaN,2.8,42.0,0.304,0.28,3.28,3.28,NaN,2.8,42.0,0.304,0.28
3.29,3.29,NaN,2.9,42.0,0.305,,3.29,3.29,NaN,2.9,42.0,0.305,
3.3,3.3,NaN,3.0,42.0,0.306,0.3,3.3,3.3,NaN,3.0,42.0,0.306,0.3
3.31,3.31,NaN,3.1,42.0,0.307,0.31,3.31,3.31,NaN,3.1,42.0,0.307,0.31
3.32,3.32,NaN,3.2,42.0,0.308,,3.32,3.32,NaN,3.2,42.0,0.308,
3.33,3.33,NaN,3.3,42.0,0.309,0.33,3.33,3.33,NaN,3.3,42.0,0.309,0.33
3.34,3.34,NaN,3.4,42.0,0.31,0.34,3.34,3.34,NaN,3.4,42.0,0.31,0.34
3.35,3.35,NaN,3.5,42.0,0.311,,3.35,3.35,NaN,3.5,42.0,0.311,
3.36,3.36,NaN,3.6,42.0,0.312,0.36,3.36,3.36,NaN,3.6,42.0,0.312,0.36
3.37,3.37,NaN,3.7,42.0,0.313,0.37,3.37,3.37,NaN,3.7,42.0,0.313,0.37
3.38,3.38,NaN,3.8,42.0,0.314,,3.38,3.38,NaN,3.8,42.0,0.314,
3.39,3.39,NaN,3.9,42.0,0.315,0.39,3.39,3.39,NaN,3.9,42.0,0.315,0.39
3.4,3.4,NaN,4.0,42.0,0.316,0.4,3.4,3.4,NaN,4.0,42.0,0.316,0.4
3.41,3.41,NaN,4.1,42.0,0.317,,3.41,3.41,NaN,4.1,42.0,0.317,
3.42,3.42,NaN,4.2,42.0,0.318,0.42,3.42,3.42,NaN,4.2,42.0,0.318,0.42
3.43,3.43,NaN,4.3,42.0,0.319,0.43,3.43,3.43,NaN,4.3,42.0,0.319,0.43
3.44,3.44,NaN,4.4,42.0,0.32,,3.44,3.44,NaN,4.4,42.0,0.32,
3.45,3.45,NaN,4.5,42.0,0.321,0.45,3.45,3.45,NaN,4.5,42.0,0.321,0.45
3.46,3.46,NaN,4.6,42.0,0.322,0.46,3.46,3.46,NaN,4.6,42.0,0.322,0.46
3.47,3.47,NaN,4.7,42.0,0.323,,3.47,3.47,NaN,4.7,42.0,0.323,
3.48,3.48,NaN,4.8,42.0,0.324,0.48,3.48,3.48,NaN,4.8,42.0,0.324,0.48
3.49,3.49,NaN,4.9,42.0,0.325,0.49,3.49,3.49,NaN,4.9,42.0,0.325,0.49
3.5,3.5,NaN,5.0,42.0,0.326,,3.5,3.5,NaN,5.0,42.0,0.326,
3.51,3.51,NaN,5.1,42.0,0.327,0.51,3.51,3.51,NaN,5.1,42.0,0.327,0.51
3.52,3.52,NaN,5.2,42.0,0.328,0.52,3.52,3.52,NaN,5.2,42.0,0.328,0.52
3.53,3.53,NaN,5.3,42.0,0.329,,3.53,3.53,NaN,5.3,42.0,0.329,
3.54,3.54,NaN,5.4,42.0,0.33,0.54,3.54,3.54,NaN,5.4,42.0,0.33,0.54
3.55,3.55,NaN,5.5,42.0,0.331,0.55,3.55,3.55,NaN,5.5,42.0,0.331,0.55
3.56,3.56,NaN,5.6,42.0,0.332,,3.56,3.56,NaN,5.6,42.0,0.332,
3.57,3.57,NaN,5.7,42.0,0.333,0.57,3.57,3.57,NaN,5.7,42.0,0.333,0.57
3.58,3.58,NaN,5.8,42.0,0.334,0.58,3.58,3.58,NaN,5.8,42.0,0.334,0.58
3.59,3.59,NaN,5.9,42.0,0.335,,3.59,3.59,NaN,5.9,42.0,0.335,
3.6,3.6,NaN,6.0,42.0,0.336,0.6,3.6,3.6,NaN,6.0,42.0,0.336,0.6
3.61,3.61,NaN,6.1,42.0,0.337,0.61,3.61,3.61,NaN,6.1,42.0,0.337,0.61
3.62,3.62,NaN,6.2,42.0,0.338,,3.62,3.62,NaN,6.2,42.0,0.338,
3.63,3.63,NaN,6.3,42.0,0.339,0.63,3.63,3.63,NaN,6.3,42.0,0.339,0.63
3.64,3.64,NaN,6.4,42.0,0.34,0.64,3.64,3.64,NaN,6.4,42.0,0.34,0.64
3.65,3.65,NaN,6.5,42.0,0.341,,3.65,3.65,NaN,6.5,42.0,0.341,
3.66,3.66,NaN,6.6,42.0,0.342,0.66,3.66,3.66,NaN,6.6,42.0,0.342,0.66
3.67,3.67,NaN,6.7,42.0,0.343,0.67,3.67,3.67,NaN,6.7,42.0,0.343,0.67
3.68,3.68,NaN,6.8,42.0,0.344,,3.68,3.68,NaN,6.8,42.0,0.344,
3.69,3.69,NaN,6.9,42.0,0.345,0.69,3.69,3.69,NaN,6.9,42.0,0.345,0.69
3.7,3.7,NaN,7.0,42.0,0.346,0.7,3.7,3.7,NaN,7.0,42.0,0.346,0.7
3.71,3.71,NaN,7.1,42.0,0.347,,3.71,3.71,NaN,7.1,42.0,0.347,
3.72,3.72,NaN,7.2,42.0,0.348,0.72,3.72,3.72,NaN,7.2,42.0,0.348,0.72
3.73,3.73,NaN,7.3,42.0,0.349,0.73,3.73,3.73,NaN,7.3,42.0,0.349,0.73
3.74,3.74,NaN,7.4,42.0,0.35,,3.74,3.74,NaN,7.4,42.0,0.35,
3.75,3.75,NaN,7.5,42.0,0.351,0.75,3.75,3.75,NaN,7.5,42.0,0.351,0.75
3.76,3.76,NaN,7.6,42.0,0.352,0.76,3.76,3.76,NaN,7.6,42.0,0.352,0.76
3.77,3.77,NaN,7.7,42.0,0.353,,3.77,3.77,NaN,7.7,42.0,0.353,
3.78,3.78,NaN,7.8,42.0,0.354,0.78,3.78,3.78,NaN,7.8,42.0,0.354,0.78
3.79,3.79,NaN,7.9,42.0,0.355,0.79,3.79,3.79,NaN,7.9,42.0,0.355,0.79
3.8,3.8,NaN,8.0,42.0,0.356,,3.8,3.8,NaN,8.0,42.0,0.356,
3.81,3.81,NaN,8.1,42.0,0.357,0.81,3.81,3.81,NaN,8.1,42.0,0.357,0.81
3.82,3.82,NaN,8.2,42.0,0.358,0.82,3.82,3.82,NaN,8.2,42.0,0.358,0.82
3.83,3.83,NaN,8.3,42.0,0.359,,3.83,3.83,NaN,8.3,42.0,0.359,
3.84,3.84,NaN,8.4,42.0,0.36,0.84,3.84,3.84,NaN,8.4,42.0,0.36,0.84
3.85,3.85,NaN,8.5,42.0,0.361,0.85,3.85,3.85,NaN,8.5,42.0,0.361,0.85
3.86,3.86,NaN,8.6,42.0,0.362,,3.86,3.86,NaN,8.6,42.0,0.362,
3.87,3.87,NaN,8.7,42.0,0.363,0.87,3.87,3.87,NaN,8.7,42.0,0.363,0.87
3.88,3.88,NaN,8.8,42.0,0.364,0.88,3.88,3.88,NaN,8.8,42.0,0.364,0.88
3.89,3.89,NaN,8.9,42.0,0.365,,3.89,3.89,NaN,8.9,42.0,0.365,
3.9,3.9,NaN,9.0,42.0,0.366,0.9,3.9,3.9,NaN,9.0,42.0,0.366,0.9
3.91,3.91,NaN,9.1,42.0,0.367,0.91,3.91,3.91,NaN,9.1,42.0,0.367,0.91
3.92,3.92,NaN,9.2,42.0,0.368,,3.92,3.92,NaN,9.2,42.0,0.368,
3.93,3.93,NaN,9.3,42.0,0.369,0.93,3.93,3.93,NaN,9.3,42.0,0.369,0.93
3.94,3.94,NaN,9.4,42.0,0.37,0.94,3.94,3.94,NaN,9.4,42.0,0.37,0.94
3.95,3.95,NaN,9.5,42.0,0.371,,3.95,3.95,NaN,9.5,42.0,0.371,
3.96,3.96,NaN,9.6,42.0,0.372,0.96,3.96,3.96,NaN,9.6,42.0,0.372,0.96
3.97,3.97,NaN,9.7,42.0,0.373,0.97,3.97,3.97,NaN,9.7,42.0,0.373,0.97
3.98,3.98,NaN,9.8,42.0,0.374,,3.98,3.98,NaN,9.8,42.0,0.374,
3.99,3.99,NaN,9.9,42.0,0.375,0.99,3.99,3.99,NaN,9.9,42.0,0.375,0.99
4.0,4.0,NaN,0.0,42.0,0.376,0.0,4.0,4.0,NaN,0.0,42.0,0.376,0.0
4.01,4.01,NaN,0.1,42.0,0.377,,4.01,4.01,NaN,0.1,42.0,0.377,
4.02,4.02,NaN,0.2,42.0,0.378,0.02,4.02,4.02,NaN,0.2,42.0,0.378,0.02
4.03,4.03,NaN,0.3,42.0,0.379,0.03,4.03,4.03,NaN,0.3,42.0,0.379,0.03
4.04,4.04,NaN,0.4,42.0,0.38,,4.04,4.04,NaN,0.4,42.0,0.38,
4.05,4.05,NaN,0.5,42.0,0.381,0.05,4.05,4.05,NaN,0.5,42.0,0.381,0.05
4.06,4.06,NaN,0.6,42.0,0.382,0.06,4.06,4.06,NaN,0.6,42.0,0.382,0.06
4.07,4.07,NaN,0.7,42.0,0.383,,4.07,4.07,NaN,0.7,42.0,0.383,
4.08,4.08,NaN,0.8,42.0,0.384,0.08,4.08,4.08,NaN,0.8,42.0,0.384,0.08
4.09,4.09,NaN,0.9,42.0,0.385,0.09,4.09,4.09,NaN,0.9,42.0,0.385,0.09
4.1,4.1,NaN,1.0,42.0,0.386,,4.1,4.1,NaN,1.0,42.0,0.386,
4.11,4.11,NaN,1.1,42.0,0.387,0.11,4.11,4.11,NaN,1.1,42.0,0.387,0.11
4.12,4.12,NaN,1.2,42.0,0.388,0.12,4.12,4.12,NaN,1.2,42.0,0.388,0.12
4.13,4.13,NaN,1.3,42.0,0.389,,4.13,4.13,NaN,1.3,42.0,0.389,
4.14,4.14,NaN,1.4,42.0,0.39,0.14,4.14,4.14,NaN,1.4,42.0,0.39,0.14
4.15,4.15,NaN,1.5,42.0,0.391,0.15,4.15,4.15,NaN,1.5,42.0,0.391,0.15
4.16,4.16,NaN,1.6,42.0,0.392,,4.16,4.16,NaN,1.6,42.0,0.392,
4.17,4.17,NaN,1.7,42.0,0.393,0.17,4.17,4.17,NaN,1.7,42.0,0.393,0.17
4.18,4.18,NaN,1.8,42.0,0.394,0.18,4.18,4.18,NaN,1.8,42.0,0.394,0.18
4.19,4.19,NaN,1.9,42.0,0.395,,4.19,4.19,NaN,1.9,42.0,0.395,
4.2,4.2,NaN,2.0,42.0,0.396,0.2,4.2,4.2,NaN,2.0,42.0,0.396,0.2
4.21,4.21,NaN,2.1,42.0,0.397,0.21,4.21,4.21,NaN,2.1,42.0,0.397,0.21
4.22,4.22,NaN,2.2,42.0,0.398,,4.22,4.22,NaN,2.2,42.0,0.398,
4.23,4.23,NaN,2.3,42.0,0.399,0.23,4.23,4.23,NaN,2.3,42.0,0.399,0.23
4.24,4.24,NaN,2.4,42.0,0.4,0.24,4.24,4.24,NaN,2.4,42.0,0.4,0.24
4.25,4.25,NaN,2.5,42.0,0.401,,4.25,4.25,NaN,2.5,42.0,0.401,
4.26,4.26,NaN,2.6,42.0,0.402,0.26,4.26,4.26,NaN,2.6,42.0,0.402,0.26
4.27,4.27,NaN,2.7,42.0,0.403,0.27,4.27,4.27,NaN,2.7,42.0,0.403,0.27
4.28,4.28,NaN,2.8,42.0,0.404,,4.28,4.28,NaN,2.8,42.0,0.404,
4.29,4.29,NaN,2.9,42.0,0.405,0.29,4.29,4.29,NaN,2.9,42.0,0.405,0.29
4.3,4.3,NaN,3.0,42.0,0.406,0.3,4.3,4.3,NaN,3.0,42.0,0.406,0.3
4.31,4.31,NaN,3.1,42.0,0.407,,4.31,4.31,NaN,3.1,42.0,0.407,
4.32,4.32,NaN,3.2,42.0,0.408,0.32,4.32,4.32,NaN,3.2,42.0,0.408,0.32
4.33,4.33,NaN,3.3,42.0,0.409,0.33,4.33,4.33,NaN,3.3,42.0,0.409,0.33
4.34,4.34,NaN,3.4,42.0,0.41,,4.34,4.34,NaN,3.4,42.0,0.41,
4.35,4.35,NaN,3.5,42.0,0.411,0.35,4.35,4.35,NaN,3.5,42.0,0.411,0.35
4.36,4.36,NaN,3.6,42.0,0.412,0.36,4.36,4.36,NaN,3.6,42.0,0.412,0.36
4.37,4.37,NaN,3.7,42.0,0.413,,4.37,4.37,NaN,3.7,42.0,0.413,
4.38,4.38,NaN,3.8,42.0,0.414,0.38,4.38,4.38,NaN,3.8,42.0,0.414,0.38
4.39,4.39,NaN,3.9,42.0,0.415,0.39,4.39,4.39,NaN,3.9,42.0,0.415,0.39
4.4,4.4,NaN,4.0,42.0,0.416,,4.4,4.4,NaN,4.0,42.0,0.416,
4.41,4.41,NaN,4.1,42.0,0.417,0.41,4.41,4.41,NaN,4.1,42.0,0.417,0.41
4.42,4.42,NaN,4.2,42.0,0.418,0.42,4.42,4.42,NaN,4.2,42.0,0.418,0.42
4.43,4.43,NaN,4.3,42.0,0.419,,4.43,4.43,NaN,4.3,42.0,0.419,
4.44,4.44,NaN,4.4,42.0,0.42,0.44,4.44,4.44,NaN,4.4,42.0,0.42,0.44
4.45,4.45,NaN,4.5,42.0,0.421,0.45,4.45,4.45,NaN,4.5,42.0,0.421,0.45
4.46,4.46,NaN,4.6,42.0,0.422,,4.46,4.46,NaN,4.6,42.0,0.422,
4.47,4.47,NaN,4.7,42.0,0.423,0.47,4.47,4.47,NaN,4.7,42.0,0.423,0.47
4.48,4.48,NaN,4.8,42.0,0.424,0.48,4.48,4.48,NaN,4.8,42.0,0.424,0.48
4.49,4.49,NaN,4.9,42.0,0.425,,4.49,4.49,NaN,4.9,42.0,0.425,
4.5,4.5,NaN,5.0,42.0,0.426,0.5,4.5,4.5,NaN,5.0,42.0,0.426,0.5
4.51,4.51,NaN,5.1,42.0,0.427,0.51,4.51,4.51,NaN,5.1,42.0,0.427,0.51
4.52,4.52,NaN,5.2,42.0,0.428,,4.52,4.52,NaN,5.2,42.0,0.428,
4.53,4.53,NaN,5.3,42.0,0.429,0.53,4.53,4.53,NaN,5.3,42.0,0.429,0.53
4.54,4.54,NaN,5.4,42.0,0.43,0.54,4.54,4.54,NaN,5.4,42.0,0.43,0.54
4.55,4.55,NaN,5.5,42.0,0.431,,4.55,4.55,NaN,5.5,42.0,0.431,
4.56,4.56,NaN,5.6,42.0,0.432,0.56,4.56,4.56,NaN,5.6,42.0,0.432,0.56
4.57,4.57,NaN,5.7,42.0,0.433,0.57,4.57,4.57,NaN,5.7,42.0,0.433,0.57
4.58,4.58,NaN,5.8,42.0,0.434,,4.58,4.58,NaN,5.8,42.0,0.434,
4.59,4.59,NaN,5.9,42.0,0.435,0.59,4.59,4.59,NaN,5.9,42.0,0.435,0.59
4.6,4.6,NaN,6.0,42.0,0.436,0.6,4.6,4.6,NaN,6.0,42.0,0.436,0.6
4.61,4.61,NaN,6.1,42.0,0.437,,4.61,4.61,NaN,6.1,42.0,0.437,
4.62,4.62,NaN,6.2,42.0,0.438,0.62,4.62,4.62,NaN,6.2,42.0,0.438,0.62
4.63,4.63,NaN,6.3,42.0,0.439,0.63,4.63,4.63,NaN,6.3,42.0,0.439,0.63
4.64,4.64,NaN,6.4,42.0,0.44,,4.64,4.64,NaN,6.4,42.0,0.44,
4.65,4.65,NaN,6.5,42.0,0.441,0.65,4.65,4.65,NaN,6.5,42.0,0.441,0.65
4.66,4.66,NaN,6.6,42.0,0.442,0.66,4.66,4.66,NaN,6.6,42.0,0.442,0.66
4.67,4.67,NaN,6.7,42.0,0.443,,4.67,4.67,NaN,6.7,42.0,0.443,
4.68,4.68,NaN,6.8,42.0,0.444,0.68,4.68,4.68,NaN,6.8,42.0,0.444,0.68
4.69,4.69,NaN,6.9,42.0,0.445,0.69,4.69,4.69,NaN,6.9,42.0,0.445,0.69
4.7,4.7,NaN,7.0,42.0,0.446,,4.7,4.7,NaN,7.0,42.0,0.446,
4.71,4.71,NaN,7.1,42.0,0.447,0.71,4.71,4.71,NaN,7.1,42.0,0.447,0.71
4.72,4.72,NaN,7.2,42.0,0.448,0.72,4.72,4.72,NaN,7.2,42.0,0.448,0.72
4.73,4.73,NaN,7.3,42.0,0.449,,4.73,4.73,NaN,7.3,42.0,0.449,
4.74,4.74,NaN,7.4,42.0,0.45,0.74,4.74,4.74,NaN,7.4,42.0,0.45,0.74
4.75,4.75,NaN,7.5,42.0,0.451,0.75,4.75,4.75,NaN,7.5,42.0,0.451,0.75
4.76,4.76,NaN,7.6,42.0,0.452,,4.76,4.76,NaN,7.6,42.0,0.452,
4.77,4.77,NaN,7.7,42.0,0.453,0.77,4.77,4.77,NaN,7.7,42.0,0.453,0.77
4.78,4.78,NaN,7.8,42.0,0.454,0.78,4.78,4.78,NaN,7.8,42.0,0.454,0.78
4.79,4.79,NaN,7.9,42.0,0.455,,4.79,4.79,NaN,7.9,42.0,0.455,
4.8,4.8,NaN,8.0,42.0,0.456,0.8,4.8,4.8,NaN,8.0,42.0,0.456,0.8
4.81,4.81,NaN,8.1,42.0,0.457,0.81,4.81,4.81,NaN,8.1,42.0,0.457,0.81
4.82,4.82,NaN,8.2,42.0,0.458,,4.82,4.82,NaN,8.2,42.0,0.458,
4.83,4.83,NaN,8.3,42.0,0.459,0.83,4.83,4.83,NaN,8.3,42.0,0.459,0.83
4.84,4.84,NaN,8.4,42.0,0.46,0.84,4.84,4.84,NaN,8.4,42.0,0.46,0.84
4.85,4.85,NaN,8.5,42.0,0.461,,4.85,4.85,NaN,8.5,42.0,0.461,
4.86,4.86,NaN,8.6,42.0,0.462,0.86,4.86,4.86,NaN,8.6,42.0,0.462,0.86
4.87,4.87,NaN,8.7,42.0,0.463,0.87,4.87,4.87,NaN,8.7,42.0,0.463,0.87
4.88,4.88,NaN,8.8,42.0,0.464,,4.88,4.88,NaN,8.8,42.0,0.464,
4.89,4.89,NaN,8.9,42.0,0.465,0.89,4.89,4.89,NaN,8.9,42.0,0.465,0.89
4.9,4.9,NaN,9.0,42.0,0.466,0.9,4.9,4.9,NaN,9.0,42.0,0.466,0.9
4.91,4.91,NaN,9.1,42.0,0.467,,4.91,4.91,NaN,9.1,42.0,0.467,
4.92,4.92,NaN,9.2,42.0,0.468,0.92,4.92,4.92,NaN,9.2,42.0,0.468,0.92
4.93,4.93,NaN,9.3,42.0,0.469,0.93,4.93,4.93,NaN,9.3,42.0,0.469,0.93
4.94,4.94,NaN,9.4,42.0,0.47,,4.94,4.94,NaN,9.4,42.0,0.47,
4.95,4.95,NaN,9.5,42.0,0.471,0.95,4.95,4.95,NaN,9.5,42.0,0.471,0.95
4.96,4.96,NaN,9.6,42.0,0.472,0.96,4.96,4.96,NaN,9.6,42.0,0.472,0.96
4.97,4.97,NaN,9.7,42.0,0.473,,4.97,4.97,NaN,9.7,42.0,0.473,
4.98,4.98,NaN,9.8,42.0,0.474,0.98,4.98,4.98,NaN,9.8,42.0,0.474,0.98
4.99,4.99,NaN,9.9,42.0,0.475,0.99,4.99,4.99,NaN,9.9,42.0,0.475,0.99
5.0,5.0,NaN,0.0,42.0,0.476,,5.0,5.0,NaN,0.0,42.0,0.476,
5.01,5.01,NaN,0.1,42.0,0.477,0.01,5.01,5.01,NaN,0.1,42.0,0.477,0.01
5.02,5.02,NaN,0.2,42.0,0.478,0.02,5.02,5.02,NaN,0.2,42.0,0.478,0.02
5.03,5.03,NaN,0.3,42.0,0.479,,5.03,5.03,NaN,0.3,42.0,0.479,
5.04,5.04,NaN,0.4,42.0,0.48,0.04,5.04,5.04,NaN,0.4,42.0,0.48,0.04
5.05,5.05,NaN,0.5,42.0,0.481,0.05,5.05,5.05,NaN,0.5,42.0,0.481,0.05
5.06,5.06,NaN,0.6,42.0,0.482,,5.06,5.06,NaN,0.6,42.0,0.482,
5.07,5.07,NaN,0.7,42.0,0.483,0.07,5.07,5.07,NaN,0.7,42.0,0.483,0.07
5.08,5.08,NaN,0.8,42.0,0.484,0.08,5.08,5.08,NaN,0.8,42.0,0.484,0.08
5.09,5.09,NaN,0.9,42.0,0.485,,5.09,5.09,NaN,0.9,42.0,0.485,
5.1,5.1,NaN,1.0,42.0,0.486,0.1,5.1,5.1,NaN,1.0,42.0,0.486,0.1
5.11,5.11,NaN,1.1,42.0,0.487,0.11,5.11,5.11,NaN,1.1,42.0,0.487,0.11
5.12,5.12,NaN,1.2,42.0,0.488,,5.12,5.12,NaN,1.2,42.0,0.488,
5.13,5.13,NaN,1.3,42.0,0.489,0.13,5.13,5.13,NaN,1.3,42.0,0.489,0.13
5.14,5.14,NaN,1.4,42.0,0.49,0.14,5.14,5.14,NaN,1.4,42.0,0.49,0.14
5.15,5.15,NaN,1.5,42.0,0.491,,5.15,5.15,NaN,1.5,42.0,0.491,
5.16,5.16,NaN,1.6,42.0,0.492,0.16,5.16,5.16,NaN,1.6,42.0,0.492,0.16
5.17,5.17,NaN,1.7,42.0,0.493,0.17,5.17,5.17,NaN,1.7,42.0,0.493,0.17
5.18,5.18,NaN,1.8,42.0,0.494,,5.18,5.18,NaN,1.8,42.0,0.494,
5.19,5.19,NaN,1.9,42.0,0.495,0.19,5.19,5.19,NaN,1.9,42.0,0.495,0.19
5.2,5.2,NaN,2.0,42.0,0.496,0.2,5.2,5.2,NaN,2.0,42.0,0.496,0.2
5.21,5.21,NaN,2.1,42.0,0.497,,5.21,5.21,NaN,2.1,42.0,0.497,
5.22,5.22,NaN,2.2,42.0,0.498,0.22,5.22,5.22,NaN,2.2,42.0,0.498,0.22
5.23,5.23,NaN,2.3,42.0,0.499,0.23,5.23,5.23,NaN,2.3,42.0,0.499,0.23
5.24,5.24,NaN,2.4,42.0,0.5,,5.24,5.24,NaN,2.4,42.0,0.5,
5.25,5.25,NaN,2.5,42.0,0.501,0.25,5.25,5.25,NaN,2.5,42.0,0.501,0.25
5.26,5.26,NaN,2.6,42.0,0.502,0.26,5.26,5.26,NaN,2.6,42.0,0.502,0.26
5.27,5.27,NaN,2.7,42.0,0.503,,5.27,5.27,NaN,2.7,42.0,0.503,
5.28,5.28,NaN,2.8,42.0,0.504,0.28,5.28,5.28,NaN,2.8,42.0,0.504,0.28
5.29,5.29,NaN,2.9,42.0,0.505,0.29,5.29,5.29,NaN,2.9,42.0,0.505,0.29
5.3,5.3,NaN,3.0,42.0,0.506,,5.3,5.3,NaN,3.0,42.0,0.506,
5.31,5.31,NaN,3.1,42.0,0.507,0.31,5.31,5.31,NaN,3.1,42.0,0.507,0.31
5.32,5.32,NaN,3.2,42.0,0.508,0.32,5.32,5.32,NaN,3.2,42.0,0.508,0.32
5.33,5.33,NaN,3.3,42.0,0.509,,5.33,5.33,NaN,3.3,42.0,0.509,
5.34,5.34,NaN,3.4,42.0,0.51,0.34,5.34,5.34,NaN,3.4,42.0,0.51,0.34
5.35,5.35,NaN,3.5,42.0,0.511,0.35,5.35,5.35,NaN,3.5,42.0,0.511,0.35
5.36,5.36,NaN,3.6,42.0,0.512,,5.36,5.36,NaN,3.6,42.0,0.512,
5.37,5.37,NaN,3.7,42.0,0.513,0.37,5.37,5.37,NaN,3.7,42.0,0.513,0.37
5.38,5.38,NaN,3.8,42.0,0.514,0.38,5.38,5.38,NaN,3.8,42.0,0.514,0.38
5.39,5.39,NaN,3.9,42.0,0.515,,5.39,5.39,NaN,3.9,42.0,0.515,
5.4,5.4,NaN,4.0,42.0,0.516,0.4,5.4,5.4,NaN,4.0,42.0,0.516,0.4
5.41,5.41,NaN,4.1,42.0,0.517,0.41,5.41,5.41,NaN,4.1,42.0,0.517,0.41
5.42,5.42,NaN,4.2,42.0,0.518,,5.42,5.42,NaN,4.2,42.0,0.518,
5.43,5.43,NaN,4.3,42.0,0.519,0.43,5.43,5.43,NaN,4.3,42.0,0.519,0.43
5.44,5.44,NaN,4.4,42.0,0.52,0.44,5.44,5.44,NaN,4.4,42.0,0.52,0.44
5.45,5.45,NaN,4.5,42.0,0.521,,5.45,5.45,NaN,4.5,42.0,0.521,
5.46,5.46,NaN,4.6,42.0,0.522,0.46,5.46,5.46,NaN,4.6,42.0,0.522,0.46
5.47,5.47,NaN,4.7,42.0,0.523,0.47,5.47,5.47,NaN,4.7,42.0,0.523,0.47
5.48,5.48,NaN,4.8,42.0,0.524,,5.48,5.48,NaN,4.8,42.0,0.524,
5.49,5.49,NaN,4.9,42.0,0.525,0.49,5.49,5.49,NaN,4.9,42.0,0.525,0.49
5.5,5.5,NaN,5.0,42.0,0.526,0.5,5.5,5.5,NaN,5.0,42.0,0.526,0.5
5.51,5.51,NaN,5.1,42.0,0.527,,5.51,5.51,NaN,5.1,42.0,0.527,
5.52,5.52,NaN,5.2,42.0,0.528,0.52,5.52,5.52,NaN,5.2,42.0,0.528,0.52
5.53,5.53,NaN,5.3,42.0,0.529,0.53,5.53,5.53,NaN,5.3,42.0,0.529,0.53
5.54,5.54,NaN,5.4,42.0,0.53,,5.54,5.54,NaN,5.4,42.0,0.53,
5.55,5.55,NaN,5.5,42.0,0.531,0.55,5.55,5.55,NaN,5.5,42.0,0.531,0.55
5.56,5.56,NaN,5.6,42.0,0.532,0.56,5.56,5.56,NaN,5.6,42.0,0.532,0.56
5.57,5.57,NaN,5.7,42.0,0.533,,5.57,5.57,NaN,5.7,42.0,0.533,
5.58,5.58,NaN,5.8,42.0,0.534,0.58,5.58,5.58,NaN,5.8,42.0,0.534,0.58
5.59,5.59,NaN,5.9,42.0,0.535,0.59,5.59,5.59,NaN,5.9,42.0,0.535,0.59
5.6,5.6,NaN,6.0,42.0,0.536,,5.6,5.6,NaN,6.0,42.0,0.536,
5.61,5.61,NaN,6.1,42.0,0.537,0.61,5.61,5.61,NaN,6.1,42.0,0.537,0.61
5.62,5.62,NaN,6.2,42.0,0.538,0.62,5.62,5.62,NaN,6.2,42.0,0.538,0.62
5.63,5.63,NaN,6.3,42.0,0.539,,5.63,5.63,NaN,6.3,42.0,0.539,
5.64,5.64,NaN,6.4,42.0,0.54,0.64,5.64,5.64,NaN,6.4,42.0,0.54,0.64
5.65,5.65,NaN,6.5,42.0,0.541,0.65,5.65,5.65,NaN,6.5,42.0,0.541,0.65
5.66,5.66,NaN,6.6,42.0,0.542,,5.66,5.66,NaN,6.6,42.0,0.542,
5.67,5.67,NaN,6.7,42.0,0.543,0.67,5.67,5.67,NaN,6.7,42.0,0.543,0.67
5.68,5.68,NaN,6.8,42.0,0.544,0.68,5.68,5.68,NaN,6.8,42.0,0.544,0.68
5.69,5.69,NaN,6.9,42.0,0.545,,5.69,5.69,NaN,6.9,42.0,0.545,
5.7,5.7,NaN,7.0,42.0,0.546,0.7,5.7,5.7,NaN,7.0,42.0,0.546,0.7
5.71,5.71,NaN,7.1,42.0,0.547,0.71,5.71,5.71,NaN,7.1,42.0,0.547,0.71
5.72,5.72,NaN,7.2,42.0,0.548,,5.72,5.72,NaN,7.2,42.0,0.548,
5.73,5.73,NaN,7.3,42.0,0.549,0.73,5.73,5.73,NaN,7.3,42.0,0.549,0.73
5.74,5.74,NaN,7.4,42.0,0.55,0.74,5.74,5.74,NaN,7.4,42.0,0.55,0.74
5.75,5.75,NaN,7.5,42.0,0.551,,5.75,5.75,NaN,7.5,42.0,0.551,
5.76,5.76,NaN,7.6,42.0,0.552,0.76,5.76,5.76,NaN,7.6,42.0,0.552,0.76
5.77,5.77,NaN,7.7,42.0,0.553,0.77,5.77,5.77,NaN,7.7,42.0,0.553,0.77
5.78,5.78,NaN,7.8,42.0,0.554,,5.78,5.78,NaN,7.8,42.0,0.554,
5.79,5.79,NaN,7.9,42.0,0.555,0.79,5.79,5.79,NaN,7.9,42.0,0.555,0.79
5.8,5.8,NaN,8.0,42.0,0.556,0.8,5.8,5.8,NaN,8.0,42.0,0.556,0.8
5.81,5.81,NaN,8.1,42.0,0.557,,5.81,5.81,NaN,8.1,42.0,0.557,
5.82,5.82,NaN,8.2,42.0,0.558,0.82,5.82,5.82,NaN,8.2,42.0,0.558,0.82
5.83,5.83,NaN,8.3,42.0,0.559,0.83,5.83,5.83,NaN,8.3,42.0,0.559,0.83
5.84,5.84,NaN,8.4,42.0,0.56,,5.84,5.84,NaN,8.4,42.0,0.56,
5.85,5.85,NaN,8.5,42.0,0.561,0.85,5.85,5.85,NaN,8.5,42.0,0.561,0.85
5.86,5.86,NaN,8.6,42.0,0.562,0.86,5.86,5.86,NaN,8.6,42.0,0.562,0.86
5.87,5.87,NaN,8.7,42.0,0.563,,5.87,5.87,NaN,8.7,42.0,0.563,
5.88,5.88,NaN,8.8,42.0,0.564,0.88,5.88,5.88,NaN,8.8,42.0,0.564,0.88
5.89,5.89,NaN,8.9,42.0,0.565,0.89,5.89,5.89,NaN,8.9,42.0,0.565,0.89
5.9,5.9,NaN,9.0,42.0,0.566,,5.9,5.9,NaN,9.0,42.0,0.566,
5.91,5.91,NaN,9.1,42.0,0.567,0.91,5.91,5.91,NaN,9.1,42.0,0.567,0.91
5.92,5.92,NaN,9.2,42.0,0.568,0.92,5.92,5.92,NaN,9.2,42.0,0.568,0.92
5.93,5.93,NaN,9.3,42.0,0.569,,5.93,5.93,NaN,9.3,42.0,0.569,
5.94,5.94,NaN,9.4,42.0,0.57,0.94,5.94,5.94,NaN,9.4,42.0,0.57,0.94
5.95,5.95,NaN,9.5,42.0,0.571,0.95,5.95,5.95,NaN,9.5,42.0,0.571,0.95
5.96,5.96,NaN,9.6,42.0,0.572,,5.96,5.96,NaN,9.6,42.0,0.572,
5.97,5.97,NaN,9.7,42.0,0.573,0.97,5.97,5.97,NaN,9.7,42.0,0.573,0.97
5.98,5.98,NaN,9.8,42.0,0.574,0.98,5.98,5.98,NaN,9.8,42.0,0.574,0.98
5.99,5.99,NaN,9.9,42.0,0.575,,5.99,5.99,NaN,9.9,42.0,0.575,
6.0,6.0,NaN,0.0,42.0,0.576,0.0,6.0,6.0,NaN,0.0,42.0,0.576,0.0
6.01,6.01,NaN,0.1,42.0,0.577,0.01,6.01,6.01,NaN,0.1,42.0,0.577,0.01
6.02,6.02,NaN,0.2,42.0,0.578,,6.02,6.02,NaN,0.2,42.0,0.578,
6.03,6.03,NaN,0.3,42.0,0.579,0.03,6.03,6.03,NaN,0.3,42.0,0.579,0.03
6.04,6.04,NaN,0.4,42.0,0.58,0.04,6.04,6.04,NaN,0.4,42.0,0.58,0.04
6.05,6.05,NaN,0.5,42.0,0.581,,6.05,6.05,NaN,0.5,42.0,0.581,
6.06,6.06,NaN,0.6,42.0,0.582,0.06,6.06,6.06,NaN,0.6,42.0,0.582,0.06
6.07,6.07,NaN,0.7,42.0,0.583,0.07,6.07,6.07,NaN,0.7,42.0,0.583,0.07
6.08,6.08,NaN,0.8,42.0,0.584,,6.08,6.08,NaN,0.8,42.0,0.584,
6.09,6.09,NaN,0.9,42.0,0.585,0.09,6.09,6.09,NaN,0.9,42.0,0.585,0.09
6.1,6.1,NaN,1.0,42.0,0.586,0.1,6.1,6.1,NaN,1.0,42.0,0.586,0.1
6.11,6.11,NaN,1.1,42.0,0.587,,6.11,6.11,NaN,1.1,42.0,0.587,
6.12,6.12,NaN,1.2,42.0,0.588,0.12,6.12,6.12,NaN,1.2,42.0,0.588,0.12
6.13,6.13,NaN,1.3,42.0,0.589,0.13,6.13,6.13,NaN,1.3,42.0,0.589,0.13
6.14,6.14,NaN,1.4,42.0,0.59,,6.14,6.14,NaN,1.4,42.0,0.59,
6.15,6.15,NaN,1.5,42.0,0.591,0.15,6.15,6.15,NaN,1.5,42.0,0.591,0.15
6.16,6.16,NaN,1.6,42.0,0.592,0.16,6.16,6.16,NaN,1.6,42.0,0.592,0.16
6.17,6.17,NaN,1.7,42.0,0.593,,6.17,6.17,NaN,1.7,42.0,0.593,
6.18,6.18,NaN,1.8,42.0,0.594,0.18,6.18,6.18,NaN,1.8,42.0,0.594,0.18
6.19,6.19,NaN,1.9,42.0,0.595,0.19,6.19,6.19,NaN,1.9,42.0,0.595,0.19
6.2,6.2,NaN,2.0,42.0,0.596,,6.2,6.2,NaN,2.0,42.0,0.596,
6.21,6.21,NaN,2.1,42.0,0.597,0.21,6.21,6.21,NaN,2.1,42.0,0.597,0.21
6.22,6.22,NaN,2.2,42.0,0.598,0.22,6.22,6.22,NaN,2.2,42.0,0.598,0.22
6.23,6.23,NaN,2.3,42.0,0.599,,6.23,6.23,NaN,2.3,42.0,0.599,
6.24,6.24,NaN,2.4,42.0,0.6,0.24,6.24,6.24,NaN,2.4,42.0,0.6,0.24
6.25,6.25,NaN,2.5,42.0,0.601,0.25,6.25,6.25,NaN,2.5,42.0,0.601,0.25
6.26,6.26,NaN,2.6,42.0,0.602,,6.26,6.26,NaN,2.6,42.0,0.602,
6.27,6.27,NaN,2.7,42.0,0.603,0.27,6.27,6.27,NaN,2.7,42.0,0.603,0.27
6.28,6.28,NaN,2.8,42.0,0.604,0.28,6.28,6.28,NaN,2.8,42.0,0.604,0.28
6.29,6.29,NaN,2.9,42.0,0.605,,6.29,6.29,NaN,2.9,42.0,0.605,
6.3,6.3,NaN,3.0,42.0,0.606,0.3,6.3,6.3,NaN,3.0,42.0,0.606,0.3
6.31,6.31,NaN,3.1,42.0,0.607,0.31,6.31,6.31,NaN,3.1,42.0,0.607,0.31
6.32,6.32,NaN,3.2,42.0,0.608,,6.32,6.32,NaN,3.2,42.0,0.608,
6.33,6.33,NaN,3.3,42.0,0.609,0.33,6.33,6.33,NaN,3.3,42.0,0.609,0.33
6.34,6.34,NaN,3.4,42.0,0.61,0.34,6.34,6.34,NaN,3.4,42.0,0.61,0.34
6.35,6.35,NaN,3.5,42.0,0.611,,6.35,6.35,NaN,3.5,42.0,0.611,
6.36,6.36,NaN,3.6,42.0,0.612,0.36,6.36,6.36,NaN,3.6,42.0,0.612,0.36
6.37,6.37,NaN,3.7,42.0,0.613,0.37,6.37,6.37,NaN,3.7,42.0,0.613,0.37
6.38,6.38,NaN,3.8,42.0,0.614,,6.38,6.38,NaN,3.8,42.0,0.614,
6.39,6.39,NaN,3.9,42.0,0.615,0.39,6.39,6.39,NaN,3.9,42.0,0.615,0.39
6.4,6.4,NaN,4.0,42.0,0.616,0.4,6.4,6.4,NaN,4.0,42.0,0.616,0.4
6.41,6.41,NaN,4.1,42.0,0.617,,6.41,6.41,NaN,4.1,42.0,0.617,
6.42,6.42,NaN,4.2,42.0,0.618,0.42,6.42,6.42,NaN,4.2,42.0,0.618,0.42
6.43,6.43,NaN,4.3,42.0,0.619,0.43,6.43,6.43,NaN,4.3,42.0,0.619,0.43
6.44,6.44,NaN,4.4,42.0,0.62,,6.44,6.44,NaN,4.4,42.0,0.62,
6.45,6.45,NaN,4.5,42.0,0.621,0.45,6.45,6.45,NaN,4.5,42.0,0.621,0.45
6.46,6.46,NaN,4.6,42.0,0.622,0.46,6.46,6.46,NaN,4.6,42.0,0.622,0.46
6.47,6.47,NaN,4.7,42.0,0.623,,6.47,6.47,NaN,4.7,42.0,0.623,
6.48,6.48,NaN,4.8,42.0,0.624,0.48,6.48,6.48,NaN,4.8,42.0,0.624,0.48
6.49,6.49,NaN,4.9,42.0,0.625,0.49,6.49,6.49,NaN,4.9,42.0,0.625,0.49
6.5,6.5,NaN,5.0,42.0,0.626,,6.5,6.5,NaN,5.0,42.0,0.626,
6.51,6.51,NaN,5.1,42.0,0.627,0.51,6.51,6.51,NaN,5.1,42.0,0.627,0.51
6.52,6.52,NaN,5.2,42.0,0.628,0.52,6.52,6.52,NaN,5.2,42.0,0.628,0.52
6.53,6.53,NaN,5.3,42.0,0.629,,6.53,6.53,NaN,5.3,42.0,0.629,
6.54,6.54,NaN,5.4,42.0,0.63,0.54,6.54,6.54,NaN,5.4,42.0,0.63,0.54
6.55,6.55,NaN,5.5,42.0,0.631,0.55,6.55,6.55,NaN,5.5,42.0,0.631,0.55
6.56,6.56,NaN,5.6,42.0,0.632,,6.56,6.56,NaN,5.6,42.0,0.632,
6.57,6.57,NaN,5.7,42.0,0.633,0.57,6.57,6.57,NaN,5.7,42.0,0.633,0.57
6.58,6.58,NaN,5.8,42.0,0.634,0.58,6.58,6.58,NaN,5.8,42.0,0.634,0.58
6.59,6.59,NaN,5.9,42.0,0.635,,6.59,6.59,NaN,5.9,42.0,0.635,
6.6,6.6,NaN,6.0,42.0,0.636,0.6,6.6,6.6,NaN,6.0,42.0,0.636,0.6
6.61,6.61,NaN,6.1,42.0,0.637,0.61,6.61,6.61,NaN,6.1,42.0,0.637,0.61
6.62,6.62,NaN,6.2,42.0,0.638,,6.62,6.62,NaN,6.2,42.0,0.638,
6.63,6.63,NaN,6.3,42.0,0.639,0.63,6.63,6.63,NaN,6.3,42.0,0.639,0.63
6.64,6.64,NaN,6.4,42.0,0.64,0.64,6.64,6.64,NaN,6.4,42.0,0.64,0.64
6.65,6.65,NaN,6.5,42.0,0.641,,6.65,6.65,NaN,6.5,42.0,0.641,
6.66,6.66,NaN,6.6,42.0,0.642,0.66,6.66,6.66,NaN,6.6,42.0,0.642,0.66
6.67,6.67,NaN,6.7,42.0,0.643,0.67,6.67,6.67,NaN,6.7,42.0,0.643,0.67
6.68,6.68,NaN,6.8,42.0,0.644,,6.68,6.68,NaN,6.8,42.0,0.644,
6.69,6.69,NaN,6.9,42.0,0.645,0.69,6.69,6.69,NaN,6.9,42.0,0.645,0.69
6.7,6.7,NaN,7.0,42.0,0.646,0.7,6.7,6.7,NaN,7.0,42.0,0.646,0.7
6.71,6.71,NaN,7.1,42.0,0.647,,6.71,6.71,NaN,7.1,42.0,0.647,
6.72,6.72,NaN,7.2,42.0,0.648,0.72,6.72,6.72,NaN,7.2,42.0,0.648,0.72
6.73,6.73,NaN,7.3,42.0,0.649,0.73,6.73,6.73,NaN,7.3,42.0,0.649,0.73
6.74,6.74,NaN,7.4,42.0,0.65,,6.74,6.74,NaN,7.4,42.0,0.65,
6.75,6.75,NaN,7.5,42.0,0.651,0.75,6.75,6.75,NaN,7.5,42.0,0.651,0.75
6.76,6.76,NaN,7.6,42.0,0.652,0.76,6.76,6.76,NaN,7.6,42.0,0.652,0.76
6.77,6.77,NaN,7.7,42.0,0.653,,6.77,6.77,NaN,7.7,42.0,0.653,
6.78,6.78,NaN,7.8,42.0,0.654,0.78,6.78,6.78,NaN,7.8,42.0,0.654,0.78
6.79,6.79,NaN,7.9,42.0,0.655,0.79,6.79,6.79,NaN,7.9,42.0,0.655,0.79
6.8,6.8,NaN,8.0,42.0,0.656,,6.8,6.8,NaN,8.0,42.0,0.656,
6.81,6.81,NaN,8.1,42.0,0.657,0.81,6.81,6.81,NaN,8.1,42.0,0.657,0.81
6.82,6.82,NaN,8.2,42.0,0.658,0.82,6.82,6.82,NaN,8.2,42.0,0.658,0.82
6.83,6.83,NaN,8.3,42.0,0.659,,6.83,6.83,NaN,8.3,42.0,0.659,
6.84,6.84,NaN,8.4,42.0,0.66,0.84,6.84,6.84,NaN,8.4,42.0,0.66,0.84
6.85,6.85,NaN,8.5,42.0,0.661,0.85,6.85,6.85,NaN,8.5,42.0,0.661,0.85
6.86,6.86,NaN,8.6,42.0,0.662,,6.86,6.86,NaN,8.6,42.0,0.662,
6.87,6.87,NaN,8.7,42.0,0.663,0.87,6.87,6.87,NaN,8.7,42.0,0.663,0.87
6.88,6.88,NaN,8.8,42.0,0.664,0.88,6.88,6.88,NaN,8.8,42.0,0.664,0.88
6.89,6.89,NaN,8.9,42.0,0.665,,6.89,6.89,NaN,8.9,42.0,0.665,
6.9,6.9,NaN,9.0,42.0,0.666,0.9,6.9,6.9,NaN,9.0,42.0,0.666,0.9
6.91,6.91,NaN,9.1,42.0,0.667,0.91,6.91,6.91,NaN,9.1,42.0,0.667,0.91
6.92,6.92,NaN,9.2,42.0,0.668,,6.92,6.92,NaN,9.2,42.0,0.668,
6.93,6.93,NaN,9.3,42.0,0.669,0.93,6.93,6.93,NaN,9.3,42.0,0.669,0.93
6.94,6.94,NaN,9.4,42.0,0.67,0.94,6.94,6.94,NaN,9.4,42.0,0.67,0.94
6.95,6.95,NaN,9.5,42.0,0.671,,6.95,6.95,NaN,9.5,42.0,0.671,
6.96,6.96,NaN,9.6,42.0,0.672,0.96,6.96,6.96,NaN,9.6,42.0,0.672,0.96
6.97,6.97,NaN,9.7,42.0,0.673,0.97,6.97,6.97,NaN,9.7,42.0,0.673,0.97
6.98,6.98,NaN,9.8,42.0,0.674,,6.98,6.98,NaN,9.8,42.0,0.674,
6.99,6.99,NaN,9.9,42.0,0.675,0.99,6.99,6.99,NaN,9.9,42.0,0.675,0.99
7.0,7.0,NaN,0.0,42.0,0.676,0.0,7.0,7.0,NaN,0.0,42.0,0.676,0.0
7.01,7.01,NaN,0.1,42.0,0.677,,7.01,7.01,NaN,0.1,42.0,0.677,
7.02,7.02,NaN,0.2,42.0,0.678,0.02,7.02,7.02,NaN,0.2,42.0,0.678,0.02
7.03,7.03,NaN,0.3,42.0,0.679,0.03,7.03,7.03,NaN,0.3,42.0,0.679,0.03
7.04,7.04,NaN,0.4,42.0,0.68,,7.04,7.04,NaN,0.4,42.0,0.68,
7.05,7.05,NaN,0.5,42.0,0.681,0.05,7.05,7.05,NaN,0.5,42.0,0.681,0.05
7.06,7.06,NaN,0.6,42.0,0.682,0.06,7.06,7.06,NaN,0.6,42.0,0.682,0.06
7.07,7.07,NaN,0.7,42.0,0.683,,7.07,7.07,NaN,0.7,42.0,0.683,
7.08,7.08,NaN,0.8,42.0,0.684,0.08,7.08,7.08,NaN,0.8,42.0,0.684,0.08
7.09,7.09,NaN,0.9,42.0,0.685,0.09,7.09,7.09,NaN,0.9,42.0,0.685,0.09
7.1,7.1,NaN,1.0,42.0,0.686,,7.1,7.1,NaN,1.0,42.0,0.686,
7.11,7.11,NaN,1.1,42.0,0.687,0.11,7.11,7.11,NaN,1.1,42.0,0.687,0.11
7.12,7.12,NaN,1.2,42.0,0.688,0.12,7.12,7.12,NaN,1.2,42.0,0.688,0.12
7.13,7.13,NaN,1.3,42.0,0.689,,7.13,7.13,NaN,1.3,42.0,0.689,
7.14,7.14,NaN,1.4,42.0,0.69,0.14,7.14,7.14,NaN,1.4,42.0,0.69,0.14
7.15,7.15,NaN,1.5,42.0,0.691,0.15,7.15,7.15,NaN,1.5,42.0,0.691,0.15
7.16,7.16,NaN,1.6,42.0,0.692,,7.16,7.16,NaN,1.6,42.0,0.692,
7.17,7.17,NaN,1.7,42.0,0.693,0.17,7.17,7.17,NaN,1.7,42.0,0.693,0.17
7.18,7.18,NaN,1.8,42.0,0.694,0.18,7.18,7.18,NaN,1.8,42.0,0.694,0.18
7.19,7.19,NaN,1.9,42.0,0.695,,7.19,7.19,NaN,1.9,42.0,0.695,
7.2,7.2,NaN,2.0,42.0,0.696,0.2,7.2,7.2,NaN,2.0,42.0,0.696,0.2
7.21,7.21,NaN,2.1,42.0,0.697,0.21,7.21,7.21,NaN,2.1,42.0,0.697,0.21
7.22,7.22,NaN,2.2,42.0,0.698,,7.22,7.22,NaN,2.2,42.0,0.698,
7.23,7.23,NaN,2.3,42.0,0.699,0.23,7.23,7.23,NaN,2.3,42.0,0.699,0.23
7.24,7.24,NaN,2.4,42.0,0.7,0.24,7.24,7.24,NaN,2.4,42.0,0.7,0.24
7.25,7.25,NaN,2.5,42.0,0.701,,7.25,7.25,NaN,2.5,42.0,0.701,
7.26,7.26,NaN,2.6,42.0,0.702,0.26,7.26,7.26,NaN,2.6,42.0,0.702,0.26
7.27,7.27,NaN,2.7,42.0,0.703,0.27,7.27,7.27,NaN,2.7,42.0,0.703,0.27
7.28,7.28,NaN,2.8,42.0,0.704,,7.28,7.28,NaN,2.8,42.0,0.704,
7.29,7.29,NaN,2.9,42.0,0.705,0.29,7.29,7.29,NaN,2.9,42.0,0.705,0.29
7.3,7.3,NaN,3.0,42.0,0.706,0.3,7.3,7.3,NaN,3.0,42.0,0.706,0.3
7.31,7.31,NaN,3.1,42.0,0.707,,7.31,7.31,NaN,3.1,42.0,0.707,
7.32,7.32,NaN,3.2,42.0,0.708,0.32,7.32,7.32,NaN,3.2,42.0,0.708,0.32
7.33,7.33,NaN,3.3,42.0,0.709,0.33,7.33,7.33,NaN,3.3,42.0,0.709,0.33
7.34,7.34,NaN,3.4,42.0,0.71,,7.34,7.34,NaN,3.4,42.0,0.71,
7.35,7.35,NaN,3.5,42.0,0.711,0.35,7.35,7.35,NaN,3.5,42.0,0.711,0.35
7.36,7.36,NaN,3.6,42.0,0.712,0.36,7.36,7.36,NaN,3.6,42.0,0.712,0.36
7.37,7.37,NaN,3.7,42.0,0.713,,7.37,7.37,NaN,3.7,42.0,0.713,
7.38,7.38,NaN,3.8,42.0,0.714,0.38,7.38,7.38,NaN,3.8,42.0,0.714,0.38
7.39,7.39,NaN,3.9,42.0,0.715,0.39,7.39,7.39,NaN,3.9,42.0,0.715,0.39
7.4,7.4,NaN,4.0,42.0,0.716,,7.4,7.4,NaN,4.0,42.0,0.716,
7.41,7.41,NaN,4.1,42.0,0.717,0.41,7.41,7.41,NaN,4.1,42.0,0.717,0.41
7.42,7.42,NaN,4.2,42.0,0.718,0.42,7.42,7.42,NaN,4.2,42.0,0.718,0.42
7.43,7.43,NaN,4.3,42.0,0.719,,7.43,7.43,NaN,4.3,42.0,0.719,
7.44,7.44,NaN,4.4,42.0,0.72,0.44,7.44,7.44,NaN,4.4,42.0,0.72,0.44
7.45,7.45,NaN,4.5,42.0,0.721,0.45,7.45,7.45,NaN,4.5,42.0,0.721,0.45
7.46,7.46,NaN,4.6,42.0,0.722,,7.46,7.46,NaN,4.6,42.0,0.722,
7.47,7.47,NaN,4.7,42.0,0.723,0.47,7.47,7.47,NaN,4.7,42.0,0.723,0.47
7.48,7.48,NaN,4.8,42.0,0.724,0.48,7.48,7.48,NaN,4.8,42.0,0.724,0.48
7.49,7.49,NaN,4.9,42.0,0.725,,7.49,7.49,NaN,4.9,42.0,0.725,
7.5,7.5,NaN,5.0,42.0,0.726,0.5,7.5,7.5,NaN,5.0,42.0,0.726,0.5
7.51,7.51,NaN,5.1,42.0,0.727,0.51,7.51,7.51,NaN,5.1,42.0,0.727,0.51
7.52,7.52,NaN,5.2,42.0,0.728,,7.52,7.52,NaN,5.2,42.0,0.728,
7.53,7.53,NaN,5.3,42.0,0.729,0.53,7.53,7.53,NaN,5.3,42.0,0.729,0.53
7.54,7.54,NaN,5.4,42.0,0.73,0.54,7.54,7.54,NaN,5.4,42.0,0.73,0.54
7.55,7.55,NaN,5.5,42.0,0.731,,7.55,7.55,NaN,5.5,42.0,0.731,
7.56,7.56,NaN,5.6,42.0,0.732,0.56,7.56,7.56,NaN,5.6,42.0,0.732,0.56
7.57,7.57,NaN,5.7,42.0,0.733,0.57,7.57,7.57,NaN,5.7,42.0,0.733,0.57
7.58,7.58,NaN,5.8,42.0,0.734,,7.58,7.58,NaN,5.8,42.0,0.734,
7.59,7.59,NaN,5.9,42.0,0.735,0.59,7.59,7.59,NaN,5.9,42.0,0.735,0.59
7.6,7.6,NaN,6.0,42.0,0.736,0.6,7.6,7.6,NaN,6.0,42.0,0.736,0.6
7.61,7.61,NaN,6.1,42.0,0.737,,7.61,7.61,NaN,6.1,42.0,0.737,
7.62,7.62,NaN,6.2,42.0,0.738,0.62,7.62,7.62,NaN,6.2,42.0,0.738,0.62
7.63,7.63,NaN,6.3,42.0,0.739,0.63,7.63,7.63,NaN,6.3,42.0,0.739,0.63
7.64,7.64,NaN,6.4,42.0,0.74,,7.64,7.64,NaN,6.4,42.0,0.74,
7.65,7.65,NaN,6.5,42.0,0.741,0.65,7.65,7.65,NaN,6.5,42.0,0.741,0.65
7.66,7.66,NaN,6.6,42.0,0.742,0.66,7.66,7.66,NaN,6.6,42.0,0.742,0.66
7.67,7.67,NaN,6.7,42.0,0.743,,7.67,7.67,NaN,6.7,42.0,0.743,
7.68,7.68,NaN,6.8,42.0,0.744,0.68,7.68,7.68,NaN,6.8,42.0,0.744,0.68
7.69,7.69,NaN,6.9,42.0,0.745,0.69,7.69,7.69,NaN,6.9,42.0,0.745,0.69
7.7,7.7,NaN,7.0,42.0,0.746,,7.7,7.7,NaN,7.0,42.0,0.746,
7.71,7.71,NaN,7.1,42.0,0.747,0.71,7.71,7.71,NaN,7.1,42.0,0.747,0.71
7.72,7.72,NaN,7.2,42.0,0.748,0.72,7.72,7.72,NaN,7.2,42.0,0.748,0.72
7.73,7.73,NaN,7.3,42.0,0.749,,7.73,7.73,NaN,7.3,42.0,0.749,
7.74,7.74,NaN,7.4,42.0,0.75,0.74,7.74,7.74,NaN,7.4,42.0,0.75,0.74
7.75,7.75,NaN,7.5,42.0,0.751,0.75,7.75,7.75,NaN,7.5,42.0,0.751,0.75
7.76,7.76,NaN,7.6,42.0,0.752,,7.76,7.76,NaN,7.6,42.0,0.752,
7.77,7.77,NaN,7.7,42.0,0.753,0.77,7.77,7.77,NaN,7.7,42.0,0.753,0.77
7.78,7.78,NaN,7.8,42.0,0.754,0.78,7.78,7.78,NaN,7.8,42.0,0.754,0.78
7.79,7.79,NaN,7.9,42.0,0.755,,7.79,7.79,NaN,7.9,42.0,0.755,
7.8,7.8,NaN,8.0,42.0,0.756,0.8,7.8,7.8,NaN,8.0,42.0,0.756,0.8
7.81,7.81,NaN,8.1,42.0,0.757,0.81,7.81,7.81,NaN,8.1,42.0,0.757,0.81
7.82,7.82,NaN,8.2,42.0,0.758,,7.82,7.82,NaN,8.2,42.0,0.758,
7.83,7.83,NaN,8.3,42.0,0.759,0.83,7.83,7.83,NaN,8.3,42.0,0.759,0.83
7.84,7.84,NaN,8.4,42.0,0.76,0.84,7.84,7.84,NaN,8.4,42.0,0.76,0.84
7.85,7.85,NaN,8.5,42.0,0.761,,7.85,7.85,NaN,8.5,42.0,0.761,
7.86,7.86,NaN,8.6,42.0,0.762,0.86,7.86,7.86,NaN,8.6,42.0,0.762,0.86
7.87,7.87,NaN,8.7,42.0,0.763,0.87,7.87,7.87,NaN,8.7,42.0,0.763,0.87
7.88,7.88,NaN,8.8,42.0,0.764,,7.88,7.88,NaN,8.8,42.0,0.764,
7.89,7.89,NaN,8.9,42.0,0.765,0.89,7.89,7.89,NaN,8.9,42.0,0.765,0.89
7.9,7.9,NaN,9.0,42.0,0.766,0.9,7.9,7.9,NaN,9.0,42.0,0.766,0.9
7.91,7.91,NaN,9.1,42.0,0.767,,7.91,7.91,NaN,9.1,42.0,0.767,
7.92,7.92,NaN,9.2,42.0,0.768,0.92,7.92,7.92,NaN,9.2,42.0,0.768,0.92
7.93,7.93,NaN,9.3,42.0,0.769,0.93,7.93,7.93,NaN,9.3,42.0,0.769,0.93
7.94,7.94,NaN,9.4,42.0,0.77,,7.94,7.94,NaN,9.4,42.0,0.77,
7.95,7.95,NaN,9.5,42.0,0.771,0.95,7.95,7.95,NaN,9.5,42.0,0.771,0.95
7.96,7.96,NaN,9.6,42.0,0.772,0.96,7.96,7.96,NaN,9.6,42.0,0.772,0.96
7.97,7.97,NaN,9.7,42.0,0.773,,7.97,7.97,NaN,9.7,42.0,0.773,
7.98,7.98,NaN,9.8,42.0,0.774,0.98,7.98,7.98,NaN,9.8,42.0,0.774,0.98
7.99,7.99,NaN,9.9,42.0,0.775,0.99,7.99,7.99,NaN,9.9,42.0,0.775,0.99
8.0,8.0,NaN,0.0,42.0,0.776,,8.0,8.0,NaN,0.0,42.0,0.776,
8.01,8.01,NaN,0.1,42.0,0.777,0.01,8.01,8.01,NaN,0.1,42.0,0.777,0.01
8.02,8.02,NaN,0.2,42.0,0.778,0.02,8.02,8.02,NaN,0.2,42.0,0.778,0.02
8.03,8.03,NaN,0.3,42.0,0.779,,8.03,8.03,NaN,0.3,42.0,0.779,
8.04,8.04,NaN,0.4,42.0,0.78,0.04,8.04,8.04,NaN,0.4,42.0,0.78,0.04
8.05,8.05,NaN,0.5,42.0,0.781,0.05,8.05,8.05,NaN,0.5,42.0,0.781,0.05
8.06,8.06,NaN,0.6,42.0,0.782,,8.06,8.06,NaN,0.6,42.0,0.782,
8.07,8.07,NaN,0.7,42.0,0.783,0.07,8.07,8.07,NaN,0.7,42.0,0.783,0.07
8.08,8.08,NaN,0.8,42.0,0.784,0.08,8.08,8.08,NaN,0.8,42.0,0.784,0.08
8.09,8.09,NaN,0.9,42.0,0.785,,8.09,8.09,NaN,0.9,42.0,0.785,
8.1,8.1,NaN,1.0,42.0,0.786,0.1,8.1,8.1,NaN,1.0,42.0,0.786,0.1
8.11,8.11,NaN,1.1,42.0,0.787,0.11,8.11,8.11,NaN,1.1,42.0,0.787,0.11
8.12,8.12,NaN,1.2,42.0,0.788,,8.12,8.12,NaN,1.2,42.0,0.788,
8.13,8.13,NaN,1.3,42.0,0.789,0.13,8.13,8.13,NaN,1.3,42.0,0.789,0.13
8.14,8.14,NaN,1.4,42.0,0.79,0.14,8.14,8.14,NaN,1.4,42.0,0.79,0.14
8.15,8.15,NaN,1.5,42.0,0.791,,8.15,8.15,NaN,1.5,42.0,0.791,
8.16,8.16,NaN,1.6,42.0,0.792,0.16,8.16,8.16,NaN,1.6,42.0,0.792,0.16
8.17,8.17,NaN,1.7,42.0,0.793,0.17,8.17,8.17,NaN,1.7,42.0,0.793,0.17
8.18,8.18,NaN,1.8,42.0,0.794,,8.18,8.18,NaN,1.8,42.0,0.794,
8.19,8.19,NaN,1.9,42.0,0.795,0.19,8.19,8.19,NaN,1.9,42.0,0.795,0.19
8.2,8.2,NaN,2.0,42.0,0.796,0.2,8.2,8.2,NaN,2.0,42.0,0.796,0.2
8.21,8.21,NaN,2.1,42.0,0.797,,8.21,8.21,NaN,2.1,42.0,0.797,
8.22,8.22,NaN,2.2,42.0,0.798,0.22,8.22,8.22,NaN,2.2,42.0,0.798,0.22
8.23,8.23,NaN,2.3,42.0,0.799,0.23,8.23,8.23,NaN,2.3,42.0,0.799,0.23
8.24,8.24,NaN,2.4,42.0,0.8,,8.24,8.24,NaN,2.4,42.0,0.8,
8.25,8.25,NaN,2.5,42.0,0.801,0.25,8.25,8.25,NaN,2.5,42.0,0.801,0.25
8.26,8.26,NaN,2.6,42.0,0.802,0.26,8.26,8.26,NaN,2.6,42.0,0.802,0.26
8.27,8.27,NaN,2.7,42.0,0.803,,8.27,8.27,NaN,2.7,42.0,0.803,
8.28,8.28,NaN,2.8,42.0,0.804,0.28,8.28,8.28,NaN,2.8,42.0,0.804,0.28
8.29,8.29,NaN,2.9,42.0,0.805,0.29,8.29,8.29,NaN,2.9,42.0,0.805,0.29
8.3,8.3,NaN,3.0,42.0,0.806,,8.3,8.3,NaN,3.0,42.0,0.806,
8.31,8.31,NaN,3.1,42.0,0.807,0.31,8.31,8.31,NaN,3.1,42.0,0.807,0.31
8.32,8.32,NaN,3.2,42.0,0.808,0.32,8.32,8.32,NaN,3.2,42.0,0.808,0.32
8.33,8.33,NaN,3.3,42.0,0.809,,8.33,8.33,NaN,3.3,42.0,0.809,
8.34,8.34,NaN,3.4,42.0,0.81,0.34,8.34,8.34,NaN,3.4,42.0,0.81,0.34
8.35,8.35,NaN,3.5,42.0,0.811,0.35,8.35,8.35,NaN,3.5,42.0,0.811,0.35
8.36,8.36,NaN,3.6,42.0,0.812,,8.36,8.36,NaN,3.6,42.0,0.812,
8.37,8.37,NaN,3.7,42.0,0.813,0.37,8.37,8.37,NaN,3.7,42.0,0.813,0.37
8.38,8.38,NaN,3.8,42.0,0.814,0.38,8.38,8.38,NaN,3.8,42.0,0.814,0.38
8.39,8.39,NaN,3.9,42.0,0.815,,8.39,8.39,NaN,3.9,42.0,0.815,
8.4,8.4,NaN,4.0,42.0,0.816,0.4,8.4,8.4,NaN,4.0,42.0,0.816,0.4
8.41,8.41,NaN,4.1,42.0,0.817,0.41,8.41,8.41,NaN,4.1,42.0,0.817,0.41
8.42,8.42,NaN,4.2,42.0,0.818,,8.42,8.42,NaN,4.2,42.0,0.818,
8.43,8.43,NaN,4.3,42.0,0.819,0.43,8.43,8.43,NaN,4.3,42.0,0.819,0.43
8.44,8.44,NaN,4.4,42.0,0.82,0.44,8.44,8.44,NaN,4.4,42.0,0.82,0.44
8.45,8.45,NaN,4.5,42.0,0.821,,8.45,8.45,NaN,4.5,42.0,0.821,
8.46,8.46,NaN,4.6,42.0,0.822,0.46,8.46,8.46,NaN,4.6,42.0,0.822,0.46
8.47,8.47,NaN,4.7,42.0,0.823,0.47,8.47,8.47,NaN,4.7,42.0,0.823,0.47
8.48,8.48,NaN,4.8,42.0,0.824,,8.48,8.48,NaN,4.8,42.0,0.824,
8.49,8.49,NaN,4.9,42.0,0.825,0.49,8.49,8.49,NaN,4.9,42.0,0.825,0.49
8.5,8.5,NaN,5.0,42.0,0.826,0.5,8.5,8.5,NaN,5.0,42.0,0.826,0.5
8.51,8.51,NaN,5.1,42.0,0.827,,8.51,8.51,NaN,5.1,42.0,0.827,
8.52,8.52,NaN,5.2,42.0,0.828,0.52,8.52,8.52,NaN,5.2,42.0,0.828,0.52
8.53,8.53,NaN,5.3,42.0,0.829,0.53,8.53,8.53,NaN,5.3,42.0,0.829,0.53
8.54,8.54,NaN,5.4,42.0,0.83,,8.54,8.54,NaN,5.4,42.0,0.83,
8.55,8.55,NaN,5.5,42.0,0.831,0.55,8.55,8.55,NaN,5.5,42.0,0.831,0.55
8.56,8.56,NaN,5.6,42.0,0.832,0.56,8.56,8.56,NaN,5.6,42.0,0.832,0.56
8.57,8.57,NaN,5.7,42.0,0.833,,8.57,8.57,NaN,5.7,42.0,0.833,
8.58,8.58,NaN,5.8,42.0,0.834,0.58,8.58,8.58,NaN,5.8,42.0,0.834,0.58
8.59,8.59,NaN,5.9,42.0,0.835,0.59,8.59,8.59,NaN,5.9,42.0,0.835,0.59
8.6,8.6,NaN,6.0,42.0,0.836,,8.6,8.6,NaN,6.0,42.0,0.836,
8.61,8.61,NaN,6.1,42.0,0.837,0.61,8.61,8.61,NaN,6.1,42.0,0.837,0.61
8.62,8.62,NaN,6.2,42.0,0.838,0.62,8.62,8.62,NaN,6.2,42.0,0.838,0.62
8.63,8.63,NaN,6.3,42.0,0.839,,8.63,8.63,NaN,6.3,42.0,0.839,
8.64,8.64,NaN,6.4,42.0,0.84,0.64,8.64,8.64,NaN,6.4,42.0,0.84,0.64
8.65,8.65,NaN,6.5,42.0,0.841,0.65,8.65,8.65,NaN,6.5,42.0,0.841,0.65
8.66,8.66,NaN,6.6,42.0,0.842,,8.66,8.66,NaN,6.6,42.0,0.842,
8.67,8.67,NaN,6.7,42.0,0.843,0.67,8.67,8.67,NaN,6.7,42.0,0.843,0.67
8.68,8.68,NaN,6.8,42.0,0.844,0.68,8.68,8.68,NaN,6.8,42.0,0.844,0.68
8.69,8.69,NaN,6.9,42.0,0.845,,8.69,8.69,NaN,6.9,42.0,0.845,
8.7,8.7,NaN,7.0,42.0,0.846,0.7,8.7,8.7,NaN,7.0,42.0,0.846,0.7
8.71,8.71,NaN,7.1,42.0,0.847,0.71,8.71,8.71,NaN,7.1,42.0,0.847,0.71
8.72,8.72,NaN,7.2,42.0,0.848,,8.72,8.72,NaN,7.2,42.0,0.848,
8.73,8.73,NaN,7.3,42.0,0.849,0.73,8.73,8.73,NaN,7.3,42.0,0.849,0.73
8.74,8.74,NaN,7.4,42.0,0.85,0.74,8.74,8.74,NaN,7.4,42.0,0.85,0.74
8.75,8.75,NaN,7.5,42.0,0.851,,8.75,8.75,NaN,7.5,42.0,0.851,
8.76,8.76,NaN,7.6,42.0,0.852,0.76,8.76,8.76,NaN,7.6,42.0,0.852,0.76
8.77,8.77,NaN,7.7,42.0,0.853,0.77,8.77,8.77,NaN,7.7,42.0,0.853,0.77
8.78,8.78,NaN,7.8,42.0,0.854,,8.78,8.78,NaN,7.8,42.0,0.854,
8.79,8.79,NaN,7.9,42.0,0.855,0.79,8.79,8.79,NaN,7.9,42.0,0.855,0.79
8.8,8.8,NaN,8.0,42.0,0.856,0.8,8.8,8.8,NaN,8.0,42.0,0.856,0.8
8.81,8.81,NaN,8.1,42.0,0.857,,8.81,8.81,NaN,8.1,42.0,0.857,
8.82,8.82,NaN,8.2,42.0,0.858,0.82,8.82,8.82,NaN,8.2,42.0,0.858,0.82
8.83,8.83,NaN,8.3,42.0,0.859,0.83,8.83,8.83,NaN,8.3,42.0,0.859,0.83
8.84,8.84,NaN,8.4,42.0,0.86,,8.84,8.84,NaN,8.4,42.0,0.86,
8.85,8.85,NaN,8.5,42.0,0.861,0.85,8.85,8.85,NaN,8.5,42.0,0.861,0.85
8.86,8.86,NaN,8.6,42.0,0.862,0.86,8.86,8.86,NaN,8.6,42.0,0.862,0.86
8.87,8.87,NaN,8.7,42.0,0.863,,8.87,8.87,NaN,8.7,42.0,0.863,
8.88,8.88,NaN,8.8,42.0,0.864,0.88,8.88,8.88,NaN,8.8,42.0,0.864,0.88
8.89,8.89,NaN,8.9,42.0,0.865,0.89,8.89,8.89,NaN,8.9,42.0,0.865,0.89
8.9,8.9,NaN,9.0,42.0,0.866,,8.9,8.9,NaN,9.0,42.0,0.866,
8.91,8.91,NaN,9.1,42.0,0.867,0.91,8.91,8.91,NaN,9.1,42.0,0.867,0.91
8.92,8.92,NaN,9.2,42.0,0.868,0.92,8.92,8.92,NaN,9.2,42.0,0.868,0.92
8.93,8.93,NaN,9.3,42.0,0.869,,8.93,8.93,NaN,9.3,42.0,0.869,
8.94,8.94,NaN,9.4,42.0,0.87,0.94,8.94,8.94,NaN,9.4,42.0,0.87,0.94
8.95,8.95,NaN,9.5,42.0,0.871,0.95,8.95,8.95,NaN,9.5,42.0,0.871,0.95
8.96,8.96,NaN,9.6,42.0,0.872,,8.96,8.96,NaN,9.6,42.0,0.872,
8.97,8.97,NaN,9.7,42.0,0.873,0.97,8.97,8.97,NaN,9.7,42.0,0.873,0.97
8.98,8.98,NaN,9.8,42.0,0.874,0.98,8.98,8.98,NaN,9.8,42.0,0.874,0.98
8.99,8.99,NaN,9.9,42.0,0.875,,8.99,8.99,NaN,9.9,42.0,0.875,
9.0,9.0,NaN,0.0,42.0,0.876,0.0,9.0,9.0,NaN,0.0,42.0,0.876,0.0
9.01,9.01,NaN,0.1,42.0,0.877,0.01,9.01,9.01,NaN,0.1,42.0,0.877,0.01
9.02,9.02,NaN,0.2,42.0,0.878,,9.02,9.02,NaN,0.2,42.0,0.878,
9.03,9.03,NaN,0.3,42.0,0.879,0.03,9.03,9.03,NaN,0.3,42.0,0.879,0.03
9.04,9.04,NaN,0.4,42.0,0.88,0.04,9.04,9.04,NaN,0.4,42.0,0.88,0.04
9.05,9.05,NaN,0.5,42.0,0.881,,9.05,9.05,NaN,0.5,42.0,0.881,
9.06,9.06,NaN,0.6,42.0,0.882,0.06,9.06,9.06,NaN,0.6,42.0,0.882,0.06
9.07,9.07,NaN,0.7,42.0,0.883,0.07,9.07,9.07,NaN,0.7,42.0,0.883,0.07
9.08,9.08,NaN,0.8,42.0,0.884,,9.08,9.08,NaN,0.8,42.0,0.884,
9.09,9.09,NaN,0.9,42.0,0.885,0.09,9.09,9.09,NaN,0.9,42.0,0.885,0.09
9.1,9.1,NaN,1.0,42.0,0.886,0.1,9.1,9.1,NaN,1.0,42.0,0.886,0.1
9.11,9.11,NaN,1.1,42.0,0.887,,9.11,9.11,NaN,1.1,42.0,0.887,
9.12,9.12,NaN,1.2,42.0,0.888,0.12,9.12,9.12,NaN,1.2,42.0,0.888,0.12
9.13,9.13,NaN,1.3,42.0,0.889,0.13,9.13,9.13,NaN,1.3,42.0,0.889,0.13
9.14,9.14,NaN,1.4,42.0,0.89,,9.14,9.14,NaN,1.4,42.0,0.89,
9.15,9.15,NaN,1.5,42.0,0.891,0.15,9.15,9.15,NaN,1.5,42.0,0.891,0.15
9.16,9.16,NaN,1.6,42.0,0.892,0.16,9.16,9.16,NaN,1.6,42.0,0.892,0.16
9.17,9.17,NaN,1.7,42.0,0.893,,9.17,9.17,NaN,1.7,42.0,0.893,
9.18,9.18,NaN,1.8,42.0,0.894,0.18,9.18,9.18,NaN,1.8,42.0,0.894,0.18
9.19,9.19,NaN,1.9,42.0,0.895,0.19,9.19,9.19,NaN,1.9,42.0,0.895,0.19
9.2,9.2,NaN,2.0,42.0,0.896,,9.2,9.2,NaN,2.0,42.0,0.896,
9.21,9.21,NaN,2.1,42.0,0.897,0.21,9.21,9.21,NaN,2.1,42.0,0.897,0.21
9.22,9.22,NaN,2.2,42.0,0.898,0.22,9.22,9.22,NaN,2.2,42.0,0.898,0.22
9.23,9.23,NaN,2.3,42.0,0.899,,9.23,9.23,NaN,2.3,42.0,0.899,
9.24,9.24,NaN,2.4,42.0,0.9,0.24,9.24,9.24,NaN,2.4,42.0,0.9,0.24
9.25,9.25,NaN,2.5,42.0,0.901,0.25,9.25,9.25,NaN,2.5,42.0,0.901,0.25
9.26,9.26,NaN,2.6,42.0,0.902,,9.26,9.26,NaN,2.6,42.0,0.902,
9.27,9.27,NaN,2.7,42.0,0.903,0.27,9.27,9.27,NaN,2.7,42.0,0.903,0.27
9.28,9.28,NaN,2.8,42.0,0.904,0.28,9.28,9.28,NaN,2.8,42.0,0.904,0.28
9.29,9.29,NaN,2.9,42.0,0.905,,9.29,9.29,NaN,2.9,42.0,0.905,
9.3,9.3,NaN,3.0,42.0,0.906,0.3,9.3,9.3,NaN,3.0,42.0,0.906,0.3
9.31,9.31,NaN,3.1,42.0,0.907,0.31,9.31,9.31,NaN,3.1,42.0,0.907,0.31
9.32,9.32,NaN,3.2,42.0,0.908,,9.32,9.32,NaN,3.2,42.0,0.908,
9.33,9.33,NaN,3.3,42.0,0.909,0.33,9.33,9.33,NaN,3.3,42.0,0.909,0.33
9.34,9.34,NaN,3.4,42.0,0.91,0.34,9.34,9.34,NaN,3.4,42.0,0.91,0.34
9.35,9.35,NaN,3.5,42.0,0.911,,9.35,9.35,NaN,3.5,42.0,0.911,
9.36,9.36,NaN,3.6,42.0,0.912,0.36,9.36,9.36,NaN,3.6,42.0,0.912,0.36
9.37,9.37,NaN,3.7,42.0,0.913,0.37,9.37,9.37,NaN,3.7,42.0,0.913,0.37
9.38,9.38,NaN,3.8,42.0,0.914,,9.38,9.38,NaN,3.8,42.0,0.914,
9.39,9.39,NaN,3.9,42.0,0.915,0.39,9.39,9.39,NaN,3.9,42.0,0.915,0.39
9.4,9.4,NaN,4.0,42.0,0.916,0.4,9.4,9.4,NaN,4.0,42.0,0.916,0.4
9.41,9.41,NaN,4.1,42.0,0.917,,9.41,9.41,NaN,4.1,42.0,0.917,
9.42,9.42,NaN,4.2,42.0,0.918,0.42,9.42,9.42,NaN,4.2,42.0,0.918,0.42
9.43,9.43,NaN,4.3,42.0,0.919,0.43,9.43,9.43,NaN,4.3,42.0,0.919,0.43
9.44,9.44,NaN,4.4,42.0,0.92,,9.44,9.44,NaN,4.4,42.0,0.92,
9.45,9.45,NaN,4.5,42.0,0.921,0.45,9.45,9.45,NaN,4.5,42.0,0.921,0.45
9.46,9.46,NaN,4.6,42.0,0.922,0.46,9.46,9.46,NaN,4.6,42.0,0.922,0.46
9.47,9.47,NaN,4.7,42.0,0.923,,9.47,9.47,NaN,4.7,42.0,0.923,
9.48,9.48,NaN,4.8,42.0,0.924,0.48,9.48,9.48,NaN,4.8,42.0,0.924,0.48
9.49,9.49,NaN,4.9,42.0,0.925,0.49,9.49,9.49,NaN,4.9,42.0,0.925,0.49
9.5,9.5,NaN,5.0,42.0,0.926,,9.5,9.5,NaN,5.0,42.0,0.926,
9.51,9.51,NaN,5.1,42.0,0.927,0.51,9.51,9.51,NaN,5.1,42.0,0.927,0.51
9.52,9.52,NaN,5.2,42.0,0.928,0.52,9.52,9.52,NaN,5.2,42.0,0.928,0.52
9.53,9.53,NaN,5.3,42.0,0.929,,9.53,9.53,NaN,5.3,42.0,0.929,
9.54,9.54,NaN,5.4,42.0,0.93,0.54,9.54,9.54,NaN,5.4,42.0,0.93,0.54
9.55,9.55,NaN,5.5,42.0,0.931,0.55,9.55,9.55,NaN,5.5,42.0,0.931,0.55
9.56,9.56,NaN,5.6,42.0,0.932,,9.56,9.56,NaN,5.6,42.0,0.932,
9.57,9.57,NaN,5.7,42.0,0.933,0.57,9.57,9.57,NaN,5.7,42.0,0.933,0.57
9.58,9.58,NaN,5.8,42.0,0.934,0.58,9.58,9.58,NaN,5.8,42.0,0.934,0.58
9.59,9.59,NaN,5.9,42.0,0.935,,9.59,9.59,NaN,5.9,42.0,0.935,
9.6,9.6,NaN,6.0,42.0,0.936,0.6,9.6,9.6,NaN,6.0,42.0,0.936,0.6
9.61,9.61,NaN,6.1,42.0,0.937,0.61,9.61,9.61,NaN,6.1,42.0,0.937,0.61
9.62,9.62,NaN,6.2,42.0,0.938,,9.62,9.62,NaN,6.2,42.0,0.938,
9.63,9.63,NaN,6.3,42.0,0.939,0.63,9.63,9.63,NaN,6.3,42.0,0.939,0.63
9.64,9.64,NaN,6.4,42.0,0.94,0.64,9.64,9.64,NaN,6.4,42.0,0.94,0.64
9.65,9.65,NaN,6.5,42.0,0.941,,9.65,9.65,NaN,6.5,42.0,0.941,
9.66,9.66,NaN,6.6,42.0,0.942,0.66,9.66,9.66,NaN,6.6,42.0,0.942,0.66
9.67,9.67,NaN,6.7,42.0,0.943,0.67,9.67,9.67,NaN,6.7,42.0,0.943,0.67
9.68,9.68,NaN,6.8,42.0,0.944,,9.68,9.68,NaN,6.8,42.0,0.944,
9.69,9.69,NaN,6.9,42.0,0.945,0.69,9.69,9.69,NaN,6.9,42.0,0.945,0.69
9.7,9.7,NaN,7.0,42.0,0.946,0.7,9.7,9.7,NaN,7.0,42.0,0.946,0.7
9.71,9.71,NaN,7.1,42.0,0.947,,9.71,9.71,NaN,7.1,42.0,0.947,
9.72,9.72,NaN,7.2,42.0,0.948,0.72,9.72,9.72,NaN,7.2,42.0,0.948,0.72
9.73,9.73,NaN,7.3,42.0,0.949,0.73,9.73,9.73,NaN,7.3,42.0,0.949,0.73
9.74,9.74,NaN,7.4,42.0,0.95,,9.74,9.74,NaN,7.4,42.0,0.95,
9.75,9.75,NaN,7.5,42.0,0.951,0.75,9.75,9.75,NaN,7.5,42.0,0.951,0.75
9.76,9.76,NaN,7.6,42.0,0.952,0.76,9.76,9.76,NaN,7.6,42.0,0.952,0.76
9.77,9.77,NaN,7.7,42.0,0.953,,9.77,9.77,NaN,7.7,42.0,0.953,
9.78,9.78,NaN,7.8,42.0,0.954,0.78,9.78,9.78,NaN,7.8,42.0,0.954,0.78
9.79,9.79,NaN,7.9,42.0,0.955,0.79,9.79,9.79,NaN,7.9,42.0,0.955,0.79
9.8,9.8,NaN,8.0,42.0,0.956,,9.8,9.8,NaN,8.0,42.0,0.956,
9.81,9.81,NaN,8.1,42.0,0.957,0.81,9.81,9.81,NaN,8.1,42.0,0.957,0.81
9.82,9.82,NaN,8.2,42.0,0.958,0.82,9.82,9.82,NaN,8.2,42.0,0.958,0.82
9.83,9.83,NaN,8.3,42.0,0.959,,9.83,9.83,NaN,8.3,42.0,0.959,
9.84,9.84,NaN,8.4,42.0,0.96,0.84,9.84,9.84,NaN,8.4,42.0,0.96,0.84
9.85,9.85,NaN,8.5,42.0,0.961,0.85,9.85,9.85,NaN,8.5,42.0,0.961,0.85
9.86,9.86,NaN,8.6,42.0,0.962,,9.86,9.86,NaN,8.6,42.0,0.962,
9.87,9.87,NaN,8.7,42.0,0.963,0.87,9.87,9.87,NaN,8.7,42.0,0.963,0.87
9.88,9.88,NaN,8.8,42.0,0.964,0.88,9.88,9.88,NaN,8.8,42.0,0.964,0.88
9.89,9.89,NaN,8.9,42.0,0.965,,9.89,9.89,NaN,8.9,42.0,0.965,
9.9,9.9,NaN,9.0,42.0,0.966,0.9,9.9,9.9,NaN,9.0,42.0,0.966,0.9
9.91,9.91,NaN,9.1,42.0,0.967,0.91,9.91,9.91,NaN,9.1,42.0,0.967,0.91
9.92,9.92,NaN,9.2,42.0,0.968,,9.92,9.92,NaN,9.2,42.0,0.968,
9.93,9.93,NaN,9.3,42.0,0.969,0.93,9.93,9.93,NaN,9.3,42.0,0.969,0.93
9.94,9.94,NaN,9.4,42.0,0.97,0.94,9.94,9.94,NaN,9.4,42.0,0.97,0.94
9.95,9.95,NaN,9.5,42.0,0.971,,9.95,9.95,NaN,9.5,42.0,0.971,
9.96,9.96,NaN,9.6,42.0,0.972,0.96,9.96,9.96,NaN,9.6,42.0,0.972,0.96
9.97,9.97,NaN,9.7,42.0,0.973,0.97,9.97,9.97,NaN,9.7,42.0,0.973,0.97
9.98,9.98,NaN,9.8,42.0,0.974,,9.98,9.98,NaN,9.8,42.0,0.974,
9.99,9.99,NaN,9.9,42.0,0.975,0.99,9.99,9.99,NaN,9.9,42.0,0.975,0.99
0.0,0.0,NaN,0.0,42.0,0.976,0.0,0.0,0.0,NaN,0.0,42.0,0.976,0.0
0.01,0.01,NaN,0.1,42.0,0.977,,0.01,0.01,NaN,0.1,42.0,0.977,
0.02,0.02,NaN,0.2,42.0,0.978,0.02,0.02,0.02,NaN,0.2,42.0,0.978,0.02
0.03,0.03,NaN,0.3,42.0,0.979,0.03,0.03,0.03,NaN,0.3,42.0,0.979,0.03
0.04,0.04,NaN,0.4,42.0,0.98,,0.04,0.04,NaN,0.4,42.0,0.98,
0.05,0.05,NaN,0.5,42.0,0.981,0.05,0.05,0.05,NaN,0.5,42.0,0.981,0.05
0.06,0.06,NaN,0.6,42.0,0.982,0.06,0.06,0.06,NaN,0.6,42.0,0.982,0.06
0.07,0.07,NaN,0.7,42.0,0.983,,0.07,0.07,NaN,0.7,42.0,0.983,
0.08,0.08,NaN,0.8,42.0,0.984,0.08,0.08,0.08,NaN,0.8,42.0,0.984,0.08
0.09,0.09,NaN,0.9,42.0,0.985,0.09,0.09,0.09,NaN,0.9,42.0,0.985,0.09
0.1,0.1,NaN,1.0,42.0,0.986,,0.1,0.1,NaN,1.0,42.0,0.986,
0.11,0.11,NaN,1.1,42.0,0.987,0.11,0.11,0.11,NaN,1.1,42.0,0.987,0.11
0.12,0.12,NaN,1.2,42.0,0.988,0.12,0.12,0.12,NaN,1.2,42.0,0.988,0.12
0.13,0.13,NaN,1.3,42.0,0.989,,0.13,0.13,NaN,1.3,42.0,0.989,
0.14,0.14,NaN,1.4,42.0,0.99,0.14,0.14,0.14,NaN,1.4,42.0,0.99,0.14
0.15,0.15,NaN,1.5,42.0,0.991,0.15,0.15,0.15,NaN,1.5,42.0,0.991,0.15
0.16,0.16,NaN,1.6,42.0,0.992,,0.16,0.16,NaN,1.6,42.0,0.992,
0.17,0.17,NaN,1.7,42.0,0.993,0.17,0.17,0.17,NaN,1.7,42.0,0.993,0.17
0.18,0.18,NaN,1.8,42.0,0.994,0.18,0.18,0.18,NaN,1.8,42.0,0.994,0.18
0.19,0.19,NaN,1.9,42.0,0.995,,0.19,0.19,NaN,1.9,42.0,0.995,
0.2,0.2,NaN,2.0,42.0,0.996,0.2,0.2,0.2,NaN,2.0,42.0,0.996,0.2
0.21,0.21,NaN,2.1,42.0,0.997,0.21,0.21,0.21,NaN,2.1,42.0,0.997,0.21
0.22,0.22,NaN,2.2,42.0,0.998,,0.22,0.22,NaN,2.2,42.0,0.998,
0.23,0.23,NaN,2.3,42.0,0.999,0.23,0.23,0.23,NaN,2.3,42.0,0.999,0.23
0.24,0.24,NaN,2.4,42.0,0.0,0.24,0.24,0.24,NaN,2.4,42.0,0.0,0.24
0.25,0.25,NaN,2.5,42.0,0.001,,0.25,0.25,NaN,2.5,42.0,0.001,
0.26,0.26,NaN,2.6,42.0,0.002,0.26,0.26,0.26,NaN,2.6,42.0,0.002,0.26
0.27,0.27,NaN,2.7,42.0,0.003,0.27,0.27,0.27,NaN,2.7,42.0,0.003,0.27
0.28,0.28,NaN,2.8,42.0,0.004,,0.28,0.28,NaN,2.8,42.0,0.004,
0.29,0.29,NaN,2.9,42.0,0.005,0.29,0.29,0.29,NaN,2.9,42.0,0.005,0.29
0.3,0.3,NaN,3.0,42.0,0.006,0.3,0.3,0.3,NaN,3.0,42.0,0.006,0.3
0.31,0.31,NaN,3.1,42.0,0.007,,0.31,0.31,NaN,3.1,42.0,0.007,
0.32,0.32,NaN,3.2,42.0,0.008,0.32,0.32,0.32,NaN,3.2,42.0,0.008,0.32
0.33,0.33,NaN,3.3,42.0,0.009,0.33,0.33,0.33,NaN,3.3,42.0,0.009,0.33
0.34,0.34,NaN,3.4,42.0,0.01,,0.34,0.34,NaN,3.4,42.0,0.01,
0.35,0.35,NaN,3.5,42.0,0.011,0.35,0.35,0.35,NaN,3.5,42.0,0.011,0.35
0.36,0.36,NaN,3.6,42.0,0.012,0.36,0.36,0.36,NaN,3.6,42.0,0.012,0.36
0.37,0.37,NaN,3.7,42.0,0.013,,0.37,0.37,NaN,3.7,42.0,0.013,
0.38,0.38,NaN,3.8,42.0,0.014,0.38,0.38,0.38,NaN,3.8,42.0,0.014,0.38
0.39,0.39,NaN,3.9,42.0,0.015,0.39,0.39,0.39,NaN,3.9,42.0,0.015,0.39
0.4,0.4,NaN,4.0,42.0,0.016,,0.4,0.4,NaN,4.0,42.0,0.016,
0.41,0.41,NaN,4.1,42.0,0.017,0.41,0.41,0.41,NaN,4.1,42.0,0.017,0.41
0.42,0.42,NaN,4.2,42.0,0.018,0.42,0.42,0.42,NaN,4.2,42.0,0.018,0.42
0.43,0.43,NaN,4.3,42.0,0.019,,0.43,0.43,NaN,4.3,42.0,0.019,
0.44,0.44,NaN,4.4,42.0,0.02,0.44,0.44,0.44,NaN,4.4,42.0,0.02,0.44
0.45,0.45,NaN,4.5,42.0,0.021,0.45,0.45,0.45,NaN,4.5,42.0,0.021,0.45
0.46,0.46,NaN,4.6,42.0,0.022,,0.46,0.46,NaN,4.6,42.0,0.022,
0.47,0.47,NaN,4.7,42.0,0.023,0.47,0.47,0.47,NaN,4.7,42.0,0.023,0.47
